-- phpMyAdmin SQL Dump
-- version 4.5.1
-- http://www.phpmyadmin.net
--
-- Host: 127.0.0.1
-- Generation Time: 28 Jan 2017 pada 04.55
-- Versi Server: 10.1.19-MariaDB
-- PHP Version: 7.0.9

SET SQL_MODE = "NO_AUTO_VALUE_ON_ZERO";
SET time_zone = "+00:00";


/*!40101 SET @OLD_CHARACTER_SET_CLIENT=@@CHARACTER_SET_CLIENT */;
/*!40101 SET @OLD_CHARACTER_SET_RESULTS=@@CHARACTER_SET_RESULTS */;
/*!40101 SET @OLD_COLLATION_CONNECTION=@@COLLATION_CONNECTION */;
/*!40101 SET NAMES utf8mb4 */;

--
-- Database: `workshop`
--

-- --------------------------------------------------------

--
-- Struktur dari tabel `article`
--

CREATE TABLE `article` (
  `id_article` varchar(15) NOT NULL,
  `date` datetime NOT NULL,
  `title` varchar(200) NOT NULL,
  `posting` text NOT NULL,
  `image` text NOT NULL,
  `id_category` varchar(15) NOT NULL,
  `id_user` varchar(15) NOT NULL,
  `publish` tinyint(1) NOT NULL
) ENGINE=InnoDB DEFAULT CHARSET=latin1;

--
-- Dumping data untuk tabel `article`
--

INSERT INTO `article` (`id_article`, `date`, `title`, `posting`, `image`, `id_category`, `id_user`, `publish`) VALUES
('1bm38l0117s7RBK', '2017-01-23 06:11:12', 'Mengenal sejarah codeigneter', '<p><font color="#333333"><b>CodeIgniter</b> adalah aplikasi open source yang berupa framework dengan model MVC (Model, View, Controller) untuk membangun website dinamis dengan menggunakan PHP. CodeIgniter memudahkan developer untuk membuat aplikasi web dengan cepat dan mudah dibandingkan dengan membuatnya dari awal. CodeIgniter dirilis pertama kali pada 28 Februari 2006. Versi stabil terakhir 2.1.0 yang dirilis pada 28 November 2011.</font></p><p><font color="#333333"><br></font></p><p><div style="text-align: center;"><img src="data:image/png;base64,iVBORw0KGgoAAAANSUhEUgAAAMgAAADFCAMAAAAmGE1yAAAA9lBMVEURQmn////+/v7ZNx8APGUNQGgAOWMAPmcAN2LX3+XZNRzT3OM9YYH7/P0ANmHz9vhRcY0AMV7s8PPf5usALlz2+PnYLhCInrG4xdDe5erL1d2wu8csUnVQbYj88vDu8vQcS3DYAADuuLL44NzXJgAAHlP32NR1jqR9l6yzusXCztemtsT45eOVqbpCaIbfWkjeTjoAKVpde5U0W3zokIZqhZ3tp5+fr73xxMDkcmNUZH7halzqmY/bQi0+W3rzzMbiXknkf3Tif3bbTj7qoZneOC7eRDrsraTeYVThdGuSmqkjQGZui6NigZp2hJkAIVAAFE0ADUop5q7dAAAZjklEQVR4nM2dC3uiyNKAaaTBG4gogoiKlxEHxRiIQzKJyckkZ5PMxt3z/f8/83V7l2uDZs/pZyc7YxD6paq6q6pvFLhc4WWppI7HteQrm6ZoqwWJpy/3cOpSN+o2tcnYcQ2uXEq+uCCylF52lFapJl/o+ZcB6RYsxSkbFAchVy4kX18QOQpyHKXPVp7WrFyiChcA4SVrXNYpDlFQFEUIgi+lEAw0dNEudc/XsXNB+KY6LtdZblOxtCAbGEGYKZZ0Jst5IF3NFg2Go45KapA1C6cvJqWzVOwckAoShsGcVCkbyJrFmCnnoGQH6apjg/LXJzMIQoGUq2h81upkBKGlicOxMFid7CCYRTBWqpStRtlAaq0VxYRVhRCkGQ6CUFjdzIaSBaTSWhgRGOdJZI3C6WYWBcsAoplUmE5dCASjuErzy0Ho0lhnY2pxARCsYGVbSimVlCDSZMbF1uEiIBTFcCs1XVucDkQzo43joiDoPq5C4EZnA+HtcoI4LgiC7HBmfQkIX/pk/N34V4Ig/TKUJrEHRgxSaYlc8rMvCoL8BsciJSEF6Y71ZLW6NAi2lAlh5EUIUliQYVwahOIMhayjJwKRW+WkxsoPwle6UlNTWxMbFQX/mLTUUk3qylhXIl2UYIGcSGTzJCCypxNzUNysSddKljdeODPdYKrVev367+t6vVrlDHfmLJSJVZDIJYIK41oEnSMBSMU2iMx8+wZdRWmjyLd6/e1bldLLoogqv3DEmWtA9NG1gLMOppsChGLLrWSSZBBpbKR5KkJh8gLjrmxLKzUlSZZlnubRz26tqWmWIuqswJIa3LZwup3YzSeClJxY1yqIQT0u7MJpBH78D5qXSopopAJB78ZMIkkCkURy89g80902/XR42byddjqRIPVSumeBND8JOvOTglutCIYDTIpWa1ugkUASD1JyUpj5DqSUDJKq1dqSUGasExkLoon51A/8KhCKElZxMokDkUQ2/eO+DgTmlRiLjwGpfaZsJb8YBNlJTCscDVJbZHnYV4IgO1EiXchIEMlM2e7+AyDI8VKi3PooEF4JySL+10FQndQIkggQupWR44tBKKaspQJR9dQdyD8DQjHt8BGxcJDSLCvHl4NAbhUaaYWCSJ+Zn/PlIKiEGnwoiBKTEv3vgyCDJwOhrXSO+z8Nggw+xExCQAqzbD1IBEiIQ38mCISfQTMJgkjjM54RJpFOgCSDG39KYniB2DcAQk/0sx7iBwHy65Of5EyJYOUKZFYCIAXyzE/EM/yqdTucggBI2njN/xTRLxI/CL06k4NyfBEi6PwxH/g+qpk6zNxT4QLzdjwIrZ51ezzGbFV8r19+adz5ZMLXVLOcOEIRVzi/q+IDqbWz3x2yhuM1fRhYIi/FxivtkwnfLdkidwYKZ3ZjQGQ7OwZniOuMYADkaVksDoMGjzOYMyqzgkH9NGt3CqJltnRGX+CxMj8FrvFbLpcrvtAh3QldmzhcljB0/USnFglSMTP6JpBqt7ohVV0r0a8GIundhvwWTzxQkgYlo4sdCaKmTI7uCqPj8b4wDFTZ0byIQBrv4eICcsmMmnuQUDi3FgFCp80qbsom8R+OgaT0MMxh3VoGrGSHwqtuNqEISgSImsnyoD6WIjloMGhggSCRPETKDJQWmVThZNbhEYi0ypDGorhZqxLt7gJw18htQJ6DPtf+IslzMynDUVLlAEK3sjhZgmiFG/m2jv3hhiNXfB/E8PKqnsFp4WalEBBpkV6zIFxFWvm6gqNlcQcSZSRboViZko8HkexBaDW9QCA1rsVFUWD6vlUsBJILa4CPSEqL9G0/cxDJHqRrZjB1RYqtXOdjz5ErFmNBcJCyENI+H3J2AEQrpwapj+M59oZOBIJ8YlFIKxNGlPwg43zKe0BuHNNc4R7keZg7ApmPkmJ5UFilfpmC6gOppRUIpMwEvfp1JI+EVutAknpIbucE70AmKVs/CBfNBI5i8Rik8SuyHzl8CWi+MALZP/4PD4fC3T9Opwy72glI5XPbGUIWUhxOBzF59NW8gP+aF/KQ8XVYOAcbW6W7xgkH7tmTOPDXVH/TBTf/QcNYYwX9fps/Btm5i1BfGJy7MiAzM9vQWH2uUBznmAu97Js7TRVi+4/O+/AEA3UjSba+JTnOnkOjYF+rqg70R7nSdLoKbNp/asrJO911ihsQWdl+zC6AI3hyuWqUmqXZo6xpLcqQS+qjXThOz0NqEssxvWvkfCBXyZq1/iqvHIFQ6uRv1XYrelk2DE5tPda8R+3UtUUBFn0AqTnbb7Mm+F0vSeXrcUnX7MdCW+/+RVXK7LVSOn5T0IxrsEAnwJFr3MWRH395Xxf8uj31T+svvas/8t/qrKI5kupoj6cgcFw5gFi7uSF5U/7OSaV2VbW/eSoCubY8Tjb+8/cJCDeLMxAA3gMcueEPMg76JCpiFoWF9hNLpLJwDFEaa5riD5q4WXMPIiu7gED4bVnjpuqwBfP/fmuPBbHa+s50VeXPYxCoqzGvF8ljGODIDRN7kQOJvffCGb30XdUxiITUm5NUTy15AU9G3YNIzk5aVU9VrYm6YEvmf35bGET12O73U5B8nGIB/iYoDxTqkpnI+g7d/egMNFTJY8pYtfKo3Ww2nVbF9HcU7JjegWj7WUfVljeRPi3zuuV9+z5BqvWt+ZuquHVkI9wuRw/1mHw7oH/kimEgPDEIDSY77cGDn2a9LCNj51DRamVPbvs9MmYm7UAme1lW1bFdedTMb2ZNLIwfCwtFdg1ZNOpKwdV3AlFiA5BGGMcRCEi0etBd7DREcED7uswjEKngVL2mYfJuIPzLl7Yg+94QgVgLx6Os33WhJU+Mx5pUmAlGCd3E7EootF6/ACfGdQdPvTAMBLLLNQL+dpSEcvBgoeEilXYNyp3NdGjoHOUGR2mFCb8BKRwiEWisf+AVLus/Bs5wGDoShq5vJWJMYmowmIfKAxn72w4EvA7fEgwGVMa76mJPg2IhZFmWo5CZwBBXisGjihjEqh4+XHs2cOvcbH8g/2TzB1/AidHTmEDnOczQcWncb3ULgIdG4yOpDbPSRHnQLaxBeC9VQGPL0amfV7+BFA9/6W8UCgyuirkGclhiXbXKIkUyAurWGqSWZiSBmUVbCLgNdCDLA9L8du1KDNa9ZbH3GtuMAS2NM44npSGQUppQhFGic3GdpU8ejbu3g800lg9Po1F/vlW+4kOcoQBANoF9U3AKBIGk0UdoRDsn4Cbg8T7dHrEVh/Or+V73irmHOJkAj5yD4toFBEJPDPKvME60QJ6CAgGDl+PPisexVjE2QgG1FGPLEAVHFKgoyVceihetWB/+Fms4BSCyGctFZOh3t5PH5NN68FgJBaRP8m9w0XEhuPW7JsU5QHjDiI5lfUFMGM+nSnzaCOTY/08quOuJEkggBmncADzME0PS+Ig2eFBIMbEHxUdUuoSWEtWJgKdA07vuzJETGe58rUXS6EeDSCmmIjKORKVJlUJX5aOeex8whuG6lgD0l5F2Upz7h+APN5Q9gxiEmxUofkI+NsGJUSkgZAuBWm6DQgCe/JmIo2teo0WSoluArkbxKQZyuUWkibwF69p43nlX019R6lXMRQ5KgCa5zkPDouQ0c2iUiNAQdELC9NxwH4LQt8sIlOC49f6eUgrXyWhRlQXx1euh7fCHhrrvw70pA9TLhFtKdHYFVOwU6WibqpC3vlDXImx9PZYe1JujXBag+1dhJDH5Lr5VTa7TtmbUmOqSN9c48RLOEZ5wyBVfwRHJ9CakS4kZyAIauUS4T0oiX+6EWusoEwm4J5ta5o5rGRKubGCjQGop2lOHksivZj67USZyFW7KjZdjJwQ1xEH1atxEtVsgxTuGM0oi79fz44h+Pej47qv5flJNMAj0m9HD1qBC7gDDMiWRD3fllSgl6Accxl19fT0e6Mx9HU60vwV4hxzERSCkF1OCHdVo9X3vuZi725L5PVww9WlXDEia2Xw6JRG3cVTei5TIaeWKxX5nF9HmfH7hdpINkUQ+U/SIlFQnvliIymj5QRqv9GiXqPPHgQC8kYLQ5CDwS0CGN0cZx8BkGsCfRI0xxp4C5GISOTb2xhVALkkvQrWwmRynVRs3UTmIrwPJR4IcN7/FHE4j7lIqjatgxHGSbjnu/c8DuYSxH3eIwwfcdYDpO3ZIGsUQDwSMDiBxLgqfxv2lJPJJWnk76pFHLspuhgOYPuR6w7uwah7H98WX6BiRJu9HcPNLDsIqUV78kdO4dzkA3el0Qr+A4vi9SFD0FR3skmcbcYdIzEGxkZNPDm780Xj6ZvZU6OX9vSZGB1Y06KYIEZGvRR4ZxySD9oFVjKocXb5vHBph84F3V9XIq8aJlESOzYhRmXhA77S++B43M3B3+X5i3TA6H0SDAmnF8DtOE1jBcin6HW/7BhS6JnIc3JTGXVxK3iJvUDkzXagbndait75g4xcJyFa1Yuc5AnlC3MVBSqEqZoo1oHbkADu4bexaIQKQbZ648RCnh7xWJl8D4FE8cTIecpQXPezW+RhuVYuAZJMFayRMtOGbSplwGpmhUjThiArkoKsGFocckWz0vvhOML9sM2bayCUN7gK6NqZIpptD3aII5y1DWI6eyL957NpzLC6TJ52AER7wabwQXAmA5RBsk8OVSxSwygSbdjHGWJPjlQYPoK+dwMT2d+00knCs7yq1Vommwok1CpRmSSCQYcqTBAz8TPoZ+YmN96QeEQzwZcvE+Q/723YVI2GtKrfqEgz0QG5mx6xHOH7kQ6OYGyaIBPDvjWKSnZ9+A2iLhN29FJkC3fjBOsjFLqvwPbGPk9Vxk+ARx0OxsYwdmw65L2+ZMSvsoTHhKSDbRpzQjM+ItVPhT3x6HzbmMbUE9Guud/dE4Mf4blyZiJFCQe0pHmePWZAEBXcipXkoANPX4TDS8UCt0M2w8dYhfjNHX+ULSh6GrwPAK2IQiBbd/rpK7KzY8LrKN7mX8FcO6Kf5/EcWjPWNtSqKn8LqikfSEEgzIhDjOKikVYH1A8H05v6tE/KrwevzK58NA9/YFFZq2MoySCErRiCVcViQyHBmW/gr0iVJQnkaBT/uPD1llMb6691HzgOSJwZRkK2v52tNAu4yhNWyLbXqBLsFRLGk+ZjslqqBpzPxTW8m+ObHb6c5Ac2PCOF6I1Gaq34/48mXLQD8rjqb+e/S+HQ+IJ56tQaRfEE+Y2y3Dl4IYsSIyD9fQKFc9bZLK2TUqxy9fBbv8rSeZaocj3FxnLjbzFlj2ay6dfECWkz+sFivqx45+FV1N132sIgdwrxr77c/7s6qJnFfePqvmCWWmQwFVFZVERwVbaxvR3ag0dyBFHYLACBlKMc7eLby38jaLVy5owoCedTZZbf8Lfh0mqFNp4F2LZxuIkKXFH1t9MxC3oFUtltQccZKPdnAqjmr20TOdqf/8Hp7qCB42qZHwO2PH0+nV768dKYPse5Y6BPE6sq/SxivOgaHfHN7PzeeX0+ig+zM8+9Xp+RnBOYOph+955dGf5uSQz/6vcHmBm+9Zf9khxy+fwtue0/HezeScNSqTMj+NDVvxjG6tgfBU51g3hg3A7uNlHQ4SY7j6IfhLT1azsHo5gZ1eZ3Xm/seT/fvfvCA7j0AMHp4mz70B9Ob1w59O+h07hoPP0Dn7RkhDkZvfRKQcd0J2/uIb9qGWDuAdE3U5JbC9hZaVNuxiz83Asm9oktl+m348kdjNBrOr3Jz/mN+s3ymB703JJWXZe/qV6/x0nju9Hr9fi/3x/t0vnxHocsfvX8nh5TIQgzGC6kdLs2SfAChJ+1J+N6BzWsuUSRg1Ouvjbr3qyP3bj6Wnc7Hr6erARg0RrfFp2nuASlT53b4JN8sO0+9W7D86IBfy6fO/GP68iMqVXb8AH7MPiZs+7tdLCYVovZvdarl2PWG+Dm3eJolWFs46P1r/gqm769IHM8fy9GP5aCz/PX03ON/FDv083vntjECw180KOZerobPtygKI7BBTa/790GJAIkuBb2a1HCtQZCf+IpqNR3ezW/BYN6/vx8NRgP++aUzuFoWi7f881Wn869f9M37tNP7gaU3GIymbz2SnLdsVt2kHaWTt8n1uGrs0klsIy/z2/7ybjS8Gc3vBvf305ve9GF5Oyi+dV6uOv3i3Y8B3bl6pqfDV/Cv+Wjae+hPl/ejp+HogWSlD2gJXOIuzMkgNbG6SFiOA57ulvObAXi4Wt4PQP9qeXc/7XzMlzeDh/f71+ePh7vlc+ejT0+vbsGPqz79sZzfju6X89fOK0FiEsh6NXGXXJIdmCcU1UpKCXaQFqEqDVCHDlCT2umgnm80QrKaTvuo0+jc9PhpB/CoU+cHnc3V0xHqajrJmgWAXXeTt8UmAJFmQtREraOnbXtCQO+GqnY/Rsvlx33xfnsBffwrogAFWHo+WSBEm3s3qWrkvCACzRg8fPzqJ6cfI24FJEdoE+y4TrTduicwoZ0J6gSbyavZNvdIuqirqmHpM8ArXD1ij8n0IOilwJDOBLXNtjjJFNYHblUZG8i3CL4VYMHqJ0kdyXbyL82qjr/CSBwTkeL0+H0fyDBA0+QgDrBL/okrFUoIdbIygqDAPz8+eV043lzgRe6QW/mfnppDVtdz5SAUXBt7SkccokByCB45CK9UjdbxE/iSslvZyJZb5EnVEAxQsfeLJDluoXb3N1uvCZ+QnXdBetpFRazq+7UjeI+cGbfPWDDGOHVC8sBBa5/cUfKD0c39kmbQMurRWxVnAwGFskBtYiy8GYxzMiIGYdlOHj8JF0dt7EuzQ2hsx8aABoXA7n9ngwDNzWM/GKlZwaF8uUnICaJVSZ9ip7stN7AROoRMGafOQbPKtonP6SEHoVvrGczrTB8VKPgcLTUVCnojtckq/PwJxnDUSqGcd0l6kLQgKLK/ZhY1T4w4+2KNQjokhA24NnGMyCEP1l3MOCNsG9nzQZD3lufcmIFJvDGgvWn0kyCQzSmzaIz1zaDQSlG3VMc/lZJ27oQM45qtZkWOcsLWkLJUmiwM/04rwcJtTOXSIHTNmxlJz0aWyhkz07aaUmXf3uyEgN9FRSqo9qocK4wDibHuVS4L0lVXhHt2QoYz3LZpb47kWZ+jgk9SqUhSU2spq5lrEO/NCCHxUXyEIHRhYaTYxwvJBa/qL4ursWLbnufZtmI6omsYVMoNJiHpUWlEIHxBiT9yL6oSDMOy+U1hmd3S/rR3YdxJ7RJn9OB2cpZ1O/yLFM5YtRKlkgxSsRZpTk36igIpfRWaB00DUhrrZ2y+fjEUzrXjD7CLB+Frnp7+UJgvKRxbtuP0KxZEajnZN+S9eGE4x8pykArSqs//Ba06Kpw7jkSJBMEhYOadeL+qoPcalaqLPhFmJfzvaNWuwO1mWmlA5DM3wv+SgncoSwuCSDLux/x1hQtu4E8AggKp/2p/HixxHPHNr5dFJtD3/8AvMnPocTn5WJCKTUiC3EM84I23jeJY5Mbjv3KQRX/Wv1o7wxSLGw/8OcWSnGsb4HBjA8b4nr1rk71HZlXQDMFuKhzjeaw3FkuFmudahZbLumrJqbdbM0bwFORBWzWtTVlNNfUG9Ywbf0xlgq8lT0j6EtZpKqLwV9Ns/lVtNfXvtrCqjPW2PNNsQbU8yfhZcPLV7y0BGhVTpPTKp5ZuKywsDzXelU9yGmmP4CAo2JrU2bxqV1tevtVdtexvhuRet+VvtmpIP5ma81MTdyDu34LeffxdStXZwsCZEKlBkEzcJBL4p4q0xiiZVVtlWpLd8r7p3Vm9LV9PPEN2YclEIOwWZKFDvVv21FSBGte+wGAor7oJD0Ugdp7TC6v6bxVOrJaqbEC6ntY2ZJ0pKXsQSqqpj4akaqs0+yQzjpaYTSGJEAsJxx/APy1bYAzNrHotdmJ7vPL3BqSlPRqVR66AJSIgkCpjVByd0SVLa5ODQC7+bEpyEFAw45thpqVSTP57C6q/hYnt8OO/t6pl2Zz0l95t/9Ta1fr3Vp01KuW6oEuuRW7snBF3nmM6ECApsakg1ilZHnRqqtUW1O+MbH/T5Xa9TVc9C04Klsb8rFmerkqtsVGxvLbBt70C8VnW7oSEgzQdVJkYMStIIXQ8hWIXHorDFg6LmmJDcVldYdsmpSv2THAVz3YXtmca6C9tStF/Em4DBgXRIhsgIU7QaU7co/NVAW85jWBZBgpIesiuoUAxAgWr6FMoVAXIVqt5/BeGqkKGSLMgZ3ySjiuQp0wlO6n1unSBcEamVulA8JDlPxr5ctSC5Bjw9CCALozPOrIpVYGMa5Pn4lOOjwDeEjMfDpSuIOsgG5bOBoIb4vI/oF8chY9n+VIQULHGBAsDzyqQKSvpxJEFBKGoInfmmXOxGCxlEvYdZ4Lg7jFmGPNMDE7/TDEEeiZIwojsORiGqaY0jvNAMMoqab1magxWN9Pa+PkggK6pK0O4mN1DpqqPrTQ9x6VAUJE1ZUZdpDXmoO7YqVuqi4Hg0cXJwjWyDQ4ehMEZrqnWMgvjEiBYwyxP1LO3x5CB7mKiEc2S+1IQgMe1NHthVNm0MBAy+br76WnZLeNQLgGCi9xUFVEnHkbfDMS7jm1J6fu+0HIpEFQqNW0yFsuIBtUyeh0zRGpoGO7MUVqlWtbGNlguCIIKLzU11VNWaxw8lwNuzgranBeE076UoZfFT2ViFWrdCyjUoVwWBBear3SbJQvxfK7Emavj447w8QzuTFyYykTVkBzkizKsy/8DPKan+2arLP4AAAAASUVORK5CYII=" data-filename="mvc.png" style="width: 200px;"></div><div style="text-align: center;"><br></div><div style="text-align: left;">Framework secara sederhana dapat diartikan kumpulan dari fungsi-fungsi/prosedur-prosedur dan class-class untuk tujuan tertentu yang sudah siap digunakan sehingga bisa lebih mempermudah dan mempercepat pekerjaan seorang programer, tanpa harus membuat fungsi atau class dari awal.<br></div><br></p><p></p><p></p>', '9e361baee3dbf65326dcb8e00159d1fb.png', 'JbGHW01171diHtu', 'rYHeXL2701thdDR', 1),
('678Xzk0117tHzEd', '2017-01-20 03:56:15', 'taegae', '<p>gaertgaegaegaerghar<br></p>', '', 'JbGHW01171diHtu', '1', 0),
('9WUIof0117TkBXF', '2017-01-19 01:30:48', 'gveaga', '<p>gaegaga<br></p>', '', 'vkDpt0117RXjqyu', '1', 1),
('F1queQ0117YlfUo', '2017-01-20 03:53:17', 'gfaeghsegse', '<p>hsrhsrhrss<br></p>', '', '6X1R50117FRfPug', '1', 1),
('Md1nqt0117CP72q', '2017-01-20 04:23:23', 'alfiii', '<p><span style="color: rgb(119, 119, 119); font-family: &quot;Open Sans&quot;, Arial, sans-serif; text-align: -webkit-center;">Lorem ipsum dolor sit amet, consectetur adipisicing elit, sed do eiusmod tempor incididunt ut labore et dolore magna aliqua. Ut enim ad minim veniam, quis nostrud exercitation ullamco laboris nisi ut aliquip ex ea commodo consequat. Duis aute irure dolor in reprehenderit in voluptate velit esse cillum dolore eu fugiat nulla pariatur. Excepteur sint occaecat cupidatat non proident, sunt in culpa qui officia deserunt mollit anim id est laborum..</span><br></p>', '', 'JbGHW01171diHtu', '1', 0),
('mLvDyJ01177O34f', '2017-01-19 11:17:17', 'judulnya hahaha', '<p>isinya hahaha<br></p>', '', 'JbGHW01171diHtu', '1', 1),
('pJFQE801173yC5B', '2017-01-20 03:57:03', 'taeghareg', '<p>graharehrahrsghrs<br></p>', '', 'JbGHW01171diHtu', '1', 0),
('pSeNFT0117eN6Vb', '2017-01-20 03:58:02', 'bshsrh', '<p><span style="color: rgb(51, 51, 51);">Lorem ipsum dolor sit amet, consectetur adipisicing elit. Accusantium voluptatibus necessitatibus nesciunt vero, ea omnis eveniet veniam accusamus magni consequuntur officiis ipsum repellat cum, neque optio aut harum pariatur earum.</span></p><p><span style="color: rgb(51, 51, 51);">Lorem ipsum dolor sit amet, consectetur adipisicing elit. Accusantium voluptatibus necessitatibus nesciunt vero, ea omnis eveniet veniam accusamus magni consequuntur officiis ipsum repellat cum, neque optio aut harum pariatur earum.</span><span style="color: rgb(51, 51, 51);"><br></span><br></p>', '', 'vkDpt0117RXjqyu', '1', 1),
('vxb26d0117NS4Jh', '2017-01-20 03:56:04', 'gtaetae', '<p>gaet<br></p>', '', 'vkDpt0117RXjqyu', '1', 1),
('XDeLCf011737UCl', '2017-01-26 02:05:50', 'Fungsi, Kelebihan Dan Kekurangannya', '<p class="MsoNormal" style="margin-bottom:0cm;margin-bottom:.0001pt;line-height:\r\nnormal"><b><span style="font-size: 10.5pt; font-family: Helvetica, sans-serif;">CodeIgniter</span></b><span style="font-size: 10.5pt; font-family: Helvetica, sans-serif;">&nbsp;adalah sebuah\r\nframework berbasis PHP yang kuat dengan footprint yang sangat kecil, dibangun\r\nuntuk pengembang yang membutuhkan toolkit sederhana dan elegan untuk membuat\r\naplikasi web dengan fitur lengkap. Lantas Apa itu framework? Framework atau\r\ndalam bahasa indonesia dapat diartikan sebagai "kerangka kerja"\r\nmerupakan sebuah tool yang bekerja pada suatu konsep tertentu dan terdiri dari\r\nberbagai fungsi yang dapat dengan mudah dijabarkan atau dialih-gunakan untuk\r\nmembuat fungsi-fungsi lain yang lebih kompleks. Maksudnya, jika seorang\r\nProgrammer menggunakan sebuah framework sebagai lingkup kerjanya, dia harus\r\nmematuhi segala ketentuan dari framework tersebut. Lebih lanjut ia dapat\r\nmembangun berbagai fungsi yang rumit dan kompleks dengan menggunakan\r\nfungsi-fungsi yang telah disediakan oleh Framework tersebut. Jadi dia tidak\r\nperlu lagi menulis ulang semua coding, Ia cukup mempelajari cara menggunakan\r\nkerangka (frame) yang telah tersedia dari framework tersebut.&nbsp;<o:p></o:p></span></p><p class="MsoNormal" style="margin-bottom:0cm;margin-bottom:.0001pt;line-height:\r\nnormal"><span style="font-size: 10.5pt; font-family: Helvetica, sans-serif;">&nbsp;</span></p><p class="MsoNormal" style="margin-bottom:0cm;margin-bottom:.0001pt;line-height:\r\nnormal"><span style="font-size: 10.5pt; font-family: Helvetica, sans-serif;">&nbsp;</span></p><p class="MsoNormal" style="margin-bottom:0cm;margin-bottom:.0001pt;line-height:\r\nnormal"><span style="font-size: 10.5pt; font-family: Helvetica, sans-serif;">CodeIgniter\r\npertama kali ditulis oleh Rick Ellis (http://www.ellislab.com), seorang musisi\r\nrock yang beralih profesi menjadi programmer dalam riset kecil-kecilannya dan\r\nmenghasilkan suatu framework PHP yang berukuran kecil, ringan serta memenuhi\r\nfitur umum aplikasi PHP. Namun, sejak tahun 2014 CodeIgniter telah dimiliki\r\noleh British Columbia Institute of Technology (BCIT). Segala hal mengenai\r\nCodeIgniter dapat ditemui di websiter resminya beralamatkan&nbsp;<b><i>http://www.codeigniter.com</i></b>.\r\nUntuk saat ini telah merilis versi 3.0.6.&nbsp;<o:p></o:p></span></p><p class="MsoNormal" style="margin-bottom:0cm;margin-bottom:.0001pt;line-height:\r\nnormal"><span style="font-size: 10.5pt; font-family: Helvetica, sans-serif;">Apa\r\nFungsi CodeIgniter ?<o:p></o:p></span></p><p class="MsoNormal" style="margin-bottom:0cm;margin-bottom:.0001pt;line-height:\r\nnormal"><span style="font-size: 10.5pt; font-family: Helvetica, sans-serif;">&nbsp;</span></p><p class="MsoNormal" style="margin-bottom:0cm;margin-bottom:.0001pt;line-height:\r\nnormal"><span style="font-size: 10.5pt; font-family: Helvetica, sans-serif;">Sebagaimana\r\nyang telah saya utarakan sebelumnya bahwa CodeIgniter adalah sebuah kerangka\r\nkerja yang berisi berbagai fungsi yang dapat digunakan untuk membuat\r\nfungsi-fungsi yang kompleks. Dalam membangun sebuah web, kita biasa sangat\r\nberkutat pada script koneksi database, pagination, proses login, query\r\ndatabase. Dengan menggunakan sebuah framework, CodeIgniter tentu saja, kita\r\ntidak perlu lagi menuliskan perintah mysql_connect, myql_select_db atau\r\nsemacamnya, karena CodeIgniter sudah menyediakan semua itu. Kita hanya perlu\r\ntau bagaimana cara menggunakannya. Dan saya rasa, semua itu tidaklah terlalu\r\nsusah. Anda dapat membacanya sendiri di&nbsp;<b><i>http://www.codeigniter.com/user_guide</i></b>.\r\n&nbsp;Jadi intinya adalah: ia mampu mempercepat dan mempermudah kita dalam\r\npembuatan website.&nbsp;<o:p></o:p></span></p><p class="MsoNormal" style="margin-bottom:0cm;margin-bottom:.0001pt;line-height:\r\nnormal"><span style="font-size: 10.5pt; font-family: Helvetica, sans-serif;">&nbsp;</span></p><p class="MsoNormal" style="margin-bottom:0cm;margin-bottom:.0001pt;line-height:\r\nnormal"><span style="font-size: 10.5pt; font-family: Helvetica, sans-serif;">Disamping\r\nitu, penggunaan CodeIgniter juga akan menghasilkan suatu struktur pemrograman\r\nyang sangat rapi, baik dari segi kode maupun struktur file phpnya. Struktur\r\naplikasi yang rapi tentu sangat diperlukan dari sebuah aplikasi. Misalnya, jika\r\nterjadi suatu error dalam aplikasi, dengan code yang rapi kita dapat dengan\r\nmudah menemukan kesalahan tersebut. Bukan hanya itu, bayangkan suatu saat\r\naplikasi yang kita bangun membutuhkan fungsi-fungsi lain yang sangat penting,\r\ntentu akan diperlukan pengembangan lebih lanjut. Dan sekali lagi, hal itu juga\r\nsangat memerlukan struktur coding yang rapi. Dengan menggunakan CodeIgniter,\r\nuntuk mewujudkan struktur kode yang rapi sangat-sangat mungkin terjadi. Hal itu\r\ndikarenakan CodeIgniter dibangun berbasis MVC (Model, View, Controller) yang\r\nmemisahkan antara tampilan dan logic aplikasi.&nbsp;</span></p><p class="MsoNormal" style="margin-bottom:0cm;margin-bottom:.0001pt;line-height:\r\nnormal"><span style="font-size: 10.5pt; font-family: Helvetica, sans-serif;"><o:p><br></o:p></span></p><p class="MsoNormal" style="text-align: center; margin-bottom: 0.0001pt; line-height: normal;"><img src="data:image/png;base64,iVBORw0KGgoAAAANSUhEUgAAAMgAAADFCAMAAAAmGE1yAAAA9lBMVEURQmn////+/v7ZNx8APGUNQGgAOWMAPmcAN2LX3+XZNRzT3OM9YYH7/P0ANmHz9vhRcY0AMV7s8PPf5usALlz2+PnYLhCInrG4xdDe5erL1d2wu8csUnVQbYj88vDu8vQcS3DYAADuuLL44NzXJgAAHlP32NR1jqR9l6yzusXCztemtsT45eOVqbpCaIbfWkjeTjoAKVpde5U0W3zokIZqhZ3tp5+fr73xxMDkcmNUZH7halzqmY/bQi0+W3rzzMbiXknkf3Tif3bbTj7qoZneOC7eRDrsraTeYVThdGuSmqkjQGZui6NigZp2hJkAIVAAFE0ADUop5q7dAAAZjklEQVR4nM2dC3uiyNKAaaTBG4gogoiKlxEHxRiIQzKJyckkZ5PMxt3z/f8/83V7l2uDZs/pZyc7YxD6paq6q6pvFLhc4WWppI7HteQrm6ZoqwWJpy/3cOpSN+o2tcnYcQ2uXEq+uCCylF52lFapJl/o+ZcB6RYsxSkbFAchVy4kX18QOQpyHKXPVp7WrFyiChcA4SVrXNYpDlFQFEUIgi+lEAw0dNEudc/XsXNB+KY6LtdZblOxtCAbGEGYKZZ0Jst5IF3NFg2Go45KapA1C6cvJqWzVOwckAoShsGcVCkbyJrFmCnnoGQH6apjg/LXJzMIQoGUq2h81upkBKGlicOxMFid7CCYRTBWqpStRtlAaq0VxYRVhRCkGQ6CUFjdzIaSBaTSWhgRGOdJZI3C6WYWBcsAoplUmE5dCASjuErzy0Ho0lhnY2pxARCsYGVbSimVlCDSZMbF1uEiIBTFcCs1XVucDkQzo43joiDoPq5C4EZnA+HtcoI4LgiC7HBmfQkIX/pk/N34V4Ig/TKUJrEHRgxSaYlc8rMvCoL8BsciJSEF6Y71ZLW6NAi2lAlh5EUIUliQYVwahOIMhayjJwKRW+WkxsoPwle6UlNTWxMbFQX/mLTUUk3qylhXIl2UYIGcSGTzJCCypxNzUNysSddKljdeODPdYKrVev367+t6vVrlDHfmLJSJVZDIJYIK41oEnSMBSMU2iMx8+wZdRWmjyLd6/e1bldLLoogqv3DEmWtA9NG1gLMOppsChGLLrWSSZBBpbKR5KkJh8gLjrmxLKzUlSZZlnubRz26tqWmWIuqswJIa3LZwup3YzSeClJxY1yqIQT0u7MJpBH78D5qXSopopAJB78ZMIkkCkURy89g80902/XR42byddjqRIPVSumeBND8JOvOTglutCIYDTIpWa1ugkUASD1JyUpj5DqSUDJKq1dqSUGasExkLoon51A/8KhCKElZxMokDkUQ2/eO+DgTmlRiLjwGpfaZsJb8YBNlJTCscDVJbZHnYV4IgO1EiXchIEMlM2e7+AyDI8VKi3PooEF4JySL+10FQndQIkggQupWR44tBKKaspQJR9dQdyD8DQjHt8BGxcJDSLCvHl4NAbhUaaYWCSJ+Zn/PlIKiEGnwoiBKTEv3vgyCDJwOhrXSO+z8Nggw+xExCQAqzbD1IBEiIQ38mCISfQTMJgkjjM54RJpFOgCSDG39KYniB2DcAQk/0sx7iBwHy65Of5EyJYOUKZFYCIAXyzE/EM/yqdTucggBI2njN/xTRLxI/CL06k4NyfBEi6PwxH/g+qpk6zNxT4QLzdjwIrZ51ezzGbFV8r19+adz5ZMLXVLOcOEIRVzi/q+IDqbWz3x2yhuM1fRhYIi/FxivtkwnfLdkidwYKZ3ZjQGQ7OwZniOuMYADkaVksDoMGjzOYMyqzgkH9NGt3CqJltnRGX+CxMj8FrvFbLpcrvtAh3QldmzhcljB0/USnFglSMTP6JpBqt7ohVV0r0a8GIundhvwWTzxQkgYlo4sdCaKmTI7uCqPj8b4wDFTZ0byIQBrv4eICcsmMmnuQUDi3FgFCp80qbsom8R+OgaT0MMxh3VoGrGSHwqtuNqEISgSImsnyoD6WIjloMGhggSCRPETKDJQWmVThZNbhEYi0ypDGorhZqxLt7gJw18htQJ6DPtf+IslzMynDUVLlAEK3sjhZgmiFG/m2jv3hhiNXfB/E8PKqnsFp4WalEBBpkV6zIFxFWvm6gqNlcQcSZSRboViZko8HkexBaDW9QCA1rsVFUWD6vlUsBJILa4CPSEqL9G0/cxDJHqRrZjB1RYqtXOdjz5ErFmNBcJCyENI+H3J2AEQrpwapj+M59oZOBIJ8YlFIKxNGlPwg43zKe0BuHNNc4R7keZg7ApmPkmJ5UFilfpmC6gOppRUIpMwEvfp1JI+EVutAknpIbucE70AmKVs/CBfNBI5i8Rik8SuyHzl8CWi+MALZP/4PD4fC3T9Opwy72glI5XPbGUIWUhxOBzF59NW8gP+aF/KQ8XVYOAcbW6W7xgkH7tmTOPDXVH/TBTf/QcNYYwX9fps/Btm5i1BfGJy7MiAzM9vQWH2uUBznmAu97Js7TRVi+4/O+/AEA3UjSba+JTnOnkOjYF+rqg70R7nSdLoKbNp/asrJO911ihsQWdl+zC6AI3hyuWqUmqXZo6xpLcqQS+qjXThOz0NqEssxvWvkfCBXyZq1/iqvHIFQ6uRv1XYrelk2DE5tPda8R+3UtUUBFn0AqTnbb7Mm+F0vSeXrcUnX7MdCW+/+RVXK7LVSOn5T0IxrsEAnwJFr3MWRH395Xxf8uj31T+svvas/8t/qrKI5kupoj6cgcFw5gFi7uSF5U/7OSaV2VbW/eSoCubY8Tjb+8/cJCDeLMxAA3gMcueEPMg76JCpiFoWF9hNLpLJwDFEaa5riD5q4WXMPIiu7gED4bVnjpuqwBfP/fmuPBbHa+s50VeXPYxCoqzGvF8ljGODIDRN7kQOJvffCGb30XdUxiITUm5NUTy15AU9G3YNIzk5aVU9VrYm6YEvmf35bGET12O73U5B8nGIB/iYoDxTqkpnI+g7d/egMNFTJY8pYtfKo3Ww2nVbF9HcU7JjegWj7WUfVljeRPi3zuuV9+z5BqvWt+ZuquHVkI9wuRw/1mHw7oH/kimEgPDEIDSY77cGDn2a9LCNj51DRamVPbvs9MmYm7UAme1lW1bFdedTMb2ZNLIwfCwtFdg1ZNOpKwdV3AlFiA5BGGMcRCEi0etBd7DREcED7uswjEKngVL2mYfJuIPzLl7Yg+94QgVgLx6Os33WhJU+Mx5pUmAlGCd3E7EootF6/ACfGdQdPvTAMBLLLNQL+dpSEcvBgoeEilXYNyp3NdGjoHOUGR2mFCb8BKRwiEWisf+AVLus/Bs5wGDoShq5vJWJMYmowmIfKAxn72w4EvA7fEgwGVMa76mJPg2IhZFmWo5CZwBBXisGjihjEqh4+XHs2cOvcbH8g/2TzB1/AidHTmEDnOczQcWncb3ULgIdG4yOpDbPSRHnQLaxBeC9VQGPL0amfV7+BFA9/6W8UCgyuirkGclhiXbXKIkUyAurWGqSWZiSBmUVbCLgNdCDLA9L8du1KDNa9ZbH3GtuMAS2NM44npSGQUppQhFGic3GdpU8ejbu3g800lg9Po1F/vlW+4kOcoQBANoF9U3AKBIGk0UdoRDsn4Cbg8T7dHrEVh/Or+V73irmHOJkAj5yD4toFBEJPDPKvME60QJ6CAgGDl+PPisexVjE2QgG1FGPLEAVHFKgoyVceihetWB/+Fms4BSCyGctFZOh3t5PH5NN68FgJBaRP8m9w0XEhuPW7JsU5QHjDiI5lfUFMGM+nSnzaCOTY/08quOuJEkggBmncADzME0PS+Ig2eFBIMbEHxUdUuoSWEtWJgKdA07vuzJETGe58rUXS6EeDSCmmIjKORKVJlUJX5aOeex8whuG6lgD0l5F2Upz7h+APN5Q9gxiEmxUofkI+NsGJUSkgZAuBWm6DQgCe/JmIo2teo0WSoluArkbxKQZyuUWkibwF69p43nlX019R6lXMRQ5KgCa5zkPDouQ0c2iUiNAQdELC9NxwH4LQt8sIlOC49f6eUgrXyWhRlQXx1euh7fCHhrrvw70pA9TLhFtKdHYFVOwU6WibqpC3vlDXImx9PZYe1JujXBag+1dhJDH5Lr5VTa7TtmbUmOqSN9c48RLOEZ5wyBVfwRHJ9CakS4kZyAIauUS4T0oiX+6EWusoEwm4J5ta5o5rGRKubGCjQGop2lOHksivZj67USZyFW7KjZdjJwQ1xEH1atxEtVsgxTuGM0oi79fz44h+Pej47qv5flJNMAj0m9HD1qBC7gDDMiWRD3fllSgl6Accxl19fT0e6Mx9HU60vwV4hxzERSCkF1OCHdVo9X3vuZi725L5PVww9WlXDEia2Xw6JRG3cVTei5TIaeWKxX5nF9HmfH7hdpINkUQ+U/SIlFQnvliIymj5QRqv9GiXqPPHgQC8kYLQ5CDwS0CGN0cZx8BkGsCfRI0xxp4C5GISOTb2xhVALkkvQrWwmRynVRs3UTmIrwPJR4IcN7/FHE4j7lIqjatgxHGSbjnu/c8DuYSxH3eIwwfcdYDpO3ZIGsUQDwSMDiBxLgqfxv2lJPJJWnk76pFHLspuhgOYPuR6w7uwah7H98WX6BiRJu9HcPNLDsIqUV78kdO4dzkA3el0Qr+A4vi9SFD0FR3skmcbcYdIzEGxkZNPDm780Xj6ZvZU6OX9vSZGB1Y06KYIEZGvRR4ZxySD9oFVjKocXb5vHBph84F3V9XIq8aJlESOzYhRmXhA77S++B43M3B3+X5i3TA6H0SDAmnF8DtOE1jBcin6HW/7BhS6JnIc3JTGXVxK3iJvUDkzXagbndait75g4xcJyFa1Yuc5AnlC3MVBSqEqZoo1oHbkADu4bexaIQKQbZ648RCnh7xWJl8D4FE8cTIecpQXPezW+RhuVYuAZJMFayRMtOGbSplwGpmhUjThiArkoKsGFocckWz0vvhOML9sM2bayCUN7gK6NqZIpptD3aII5y1DWI6eyL957NpzLC6TJ52AER7wabwQXAmA5RBsk8OVSxSwygSbdjHGWJPjlQYPoK+dwMT2d+00knCs7yq1Vommwok1CpRmSSCQYcqTBAz8TPoZ+YmN96QeEQzwZcvE+Q/723YVI2GtKrfqEgz0QG5mx6xHOH7kQ6OYGyaIBPDvjWKSnZ9+A2iLhN29FJkC3fjBOsjFLqvwPbGPk9Vxk+ARx0OxsYwdmw65L2+ZMSvsoTHhKSDbRpzQjM+ItVPhT3x6HzbmMbUE9Guud/dE4Mf4blyZiJFCQe0pHmePWZAEBXcipXkoANPX4TDS8UCt0M2w8dYhfjNHX+ULSh6GrwPAK2IQiBbd/rpK7KzY8LrKN7mX8FcO6Kf5/EcWjPWNtSqKn8LqikfSEEgzIhDjOKikVYH1A8H05v6tE/KrwevzK58NA9/YFFZq2MoySCErRiCVcViQyHBmW/gr0iVJQnkaBT/uPD1llMb6691HzgOSJwZRkK2v52tNAu4yhNWyLbXqBLsFRLGk+ZjslqqBpzPxTW8m+ObHb6c5Ac2PCOF6I1Gaq34/48mXLQD8rjqb+e/S+HQ+IJ56tQaRfEE+Y2y3Dl4IYsSIyD9fQKFc9bZLK2TUqxy9fBbv8rSeZaocj3FxnLjbzFlj2ay6dfECWkz+sFivqx45+FV1N132sIgdwrxr77c/7s6qJnFfePqvmCWWmQwFVFZVERwVbaxvR3ag0dyBFHYLACBlKMc7eLby38jaLVy5owoCedTZZbf8Lfh0mqFNp4F2LZxuIkKXFH1t9MxC3oFUtltQccZKPdnAqjmr20TOdqf/8Hp7qCB42qZHwO2PH0+nV768dKYPse5Y6BPE6sq/SxivOgaHfHN7PzeeX0+ig+zM8+9Xp+RnBOYOph+955dGf5uSQz/6vcHmBm+9Zf9khxy+fwtue0/HezeScNSqTMj+NDVvxjG6tgfBU51g3hg3A7uNlHQ4SY7j6IfhLT1azsHo5gZ1eZ3Xm/seT/fvfvCA7j0AMHp4mz70B9Ob1w59O+h07hoPP0Dn7RkhDkZvfRKQcd0J2/uIb9qGWDuAdE3U5JbC9hZaVNuxiz83Asm9oktl+m348kdjNBrOr3Jz/mN+s3ymB703JJWXZe/qV6/x0nju9Hr9fi/3x/t0vnxHocsfvX8nh5TIQgzGC6kdLs2SfAChJ+1J+N6BzWsuUSRg1Ouvjbr3qyP3bj6Wnc7Hr6erARg0RrfFp2nuASlT53b4JN8sO0+9W7D86IBfy6fO/GP68iMqVXb8AH7MPiZs+7tdLCYVovZvdarl2PWG+Dm3eJolWFs46P1r/gqm769IHM8fy9GP5aCz/PX03ON/FDv083vntjECw180KOZerobPtygKI7BBTa/790GJAIkuBb2a1HCtQZCf+IpqNR3ezW/BYN6/vx8NRgP++aUzuFoWi7f881Wn869f9M37tNP7gaU3GIymbz2SnLdsVt2kHaWTt8n1uGrs0klsIy/z2/7ybjS8Gc3vBvf305ve9GF5Oyi+dV6uOv3i3Y8B3bl6pqfDV/Cv+Wjae+hPl/ejp+HogWSlD2gJXOIuzMkgNbG6SFiOA57ulvObAXi4Wt4PQP9qeXc/7XzMlzeDh/f71+ePh7vlc+ejT0+vbsGPqz79sZzfju6X89fOK0FiEsh6NXGXXJIdmCcU1UpKCXaQFqEqDVCHDlCT2umgnm80QrKaTvuo0+jc9PhpB/CoU+cHnc3V0xHqajrJmgWAXXeTt8UmAJFmQtREraOnbXtCQO+GqnY/Rsvlx33xfnsBffwrogAFWHo+WSBEm3s3qWrkvCACzRg8fPzqJ6cfI24FJEdoE+y4TrTduicwoZ0J6gSbyavZNvdIuqirqmHpM8ArXD1ij8n0IOilwJDOBLXNtjjJFNYHblUZG8i3CL4VYMHqJ0kdyXbyL82qjr/CSBwTkeL0+H0fyDBA0+QgDrBL/okrFUoIdbIygqDAPz8+eV043lzgRe6QW/mfnppDVtdz5SAUXBt7SkccokByCB45CK9UjdbxE/iSslvZyJZb5EnVEAxQsfeLJDluoXb3N1uvCZ+QnXdBetpFRazq+7UjeI+cGbfPWDDGOHVC8sBBa5/cUfKD0c39kmbQMurRWxVnAwGFskBtYiy8GYxzMiIGYdlOHj8JF0dt7EuzQ2hsx8aABoXA7n9ngwDNzWM/GKlZwaF8uUnICaJVSZ9ip7stN7AROoRMGafOQbPKtonP6SEHoVvrGczrTB8VKPgcLTUVCnojtckq/PwJxnDUSqGcd0l6kLQgKLK/ZhY1T4w4+2KNQjokhA24NnGMyCEP1l3MOCNsG9nzQZD3lufcmIFJvDGgvWn0kyCQzSmzaIz1zaDQSlG3VMc/lZJ27oQM45qtZkWOcsLWkLJUmiwM/04rwcJtTOXSIHTNmxlJz0aWyhkz07aaUmXf3uyEgN9FRSqo9qocK4wDibHuVS4L0lVXhHt2QoYz3LZpb47kWZ+jgk9SqUhSU2spq5lrEO/NCCHxUXyEIHRhYaTYxwvJBa/qL4ursWLbnufZtmI6omsYVMoNJiHpUWlEIHxBiT9yL6oSDMOy+U1hmd3S/rR3YdxJ7RJn9OB2cpZ1O/yLFM5YtRKlkgxSsRZpTk36igIpfRWaB00DUhrrZ2y+fjEUzrXjD7CLB+Frnp7+UJgvKRxbtuP0KxZEajnZN+S9eGE4x8pykArSqs//Ba06Kpw7jkSJBMEhYOadeL+qoPcalaqLPhFmJfzvaNWuwO1mWmlA5DM3wv+SgncoSwuCSDLux/x1hQtu4E8AggKp/2p/HixxHPHNr5dFJtD3/8AvMnPocTn5WJCKTUiC3EM84I23jeJY5Mbjv3KQRX/Wv1o7wxSLGw/8OcWSnGsb4HBjA8b4nr1rk71HZlXQDMFuKhzjeaw3FkuFmudahZbLumrJqbdbM0bwFORBWzWtTVlNNfUG9Ywbf0xlgq8lT0j6EtZpKqLwV9Ns/lVtNfXvtrCqjPW2PNNsQbU8yfhZcPLV7y0BGhVTpPTKp5ZuKywsDzXelU9yGmmP4CAo2JrU2bxqV1tevtVdtexvhuRet+VvtmpIP5ma81MTdyDu34LeffxdStXZwsCZEKlBkEzcJBL4p4q0xiiZVVtlWpLd8r7p3Vm9LV9PPEN2YclEIOwWZKFDvVv21FSBGte+wGAor7oJD0Ugdp7TC6v6bxVOrJaqbEC6ntY2ZJ0pKXsQSqqpj4akaqs0+yQzjpaYTSGJEAsJxx/APy1bYAzNrHotdmJ7vPL3BqSlPRqVR66AJSIgkCpjVByd0SVLa5ODQC7+bEpyEFAw45thpqVSTP57C6q/hYnt8OO/t6pl2Zz0l95t/9Ta1fr3Vp01KuW6oEuuRW7snBF3nmM6ECApsakg1ilZHnRqqtUW1O+MbH/T5Xa9TVc9C04Klsb8rFmerkqtsVGxvLbBt70C8VnW7oSEgzQdVJkYMStIIXQ8hWIXHorDFg6LmmJDcVldYdsmpSv2THAVz3YXtmca6C9tStF/Em4DBgXRIhsgIU7QaU7co/NVAW85jWBZBgpIesiuoUAxAgWr6FMoVAXIVqt5/BeGqkKGSLMgZ3ySjiuQp0wlO6n1unSBcEamVulA8JDlPxr5ctSC5Bjw9CCALozPOrIpVYGMa5Pn4lOOjwDeEjMfDpSuIOsgG5bOBoIb4vI/oF8chY9n+VIQULHGBAsDzyqQKSvpxJEFBKGoInfmmXOxGCxlEvYdZ4Lg7jFmGPNMDE7/TDEEeiZIwojsORiGqaY0jvNAMMoqab1magxWN9Pa+PkggK6pK0O4mN1DpqqPrTQ9x6VAUJE1ZUZdpDXmoO7YqVuqi4Hg0cXJwjWyDQ4ehMEZrqnWMgvjEiBYwyxP1LO3x5CB7mKiEc2S+1IQgMe1NHthVNm0MBAy+br76WnZLeNQLgGCi9xUFVEnHkbfDMS7jm1J6fu+0HIpEFQqNW0yFsuIBtUyeh0zRGpoGO7MUVqlWtbGNlguCIIKLzU11VNWaxw8lwNuzgranBeE076UoZfFT2ViFWrdCyjUoVwWBBear3SbJQvxfK7Emavj447w8QzuTFyYykTVkBzkizKsy/8DPKan+2arLP4AAAAASUVORK5CYII=" data-filename="mvc.png" style="width: 200px;"><span style="font-size: 10.5pt; font-family: Helvetica, sans-serif;"><o:p><br></o:p></span></p><p class="MsoNormal" align="center" style="margin-bottom:0cm;margin-bottom:.0001pt;\r\ntext-align:center;line-height:normal"><span style="font-size: 10.5pt; font-family: Helvetica, sans-serif;">&nbsp;</span></p><p class="MsoNormal" align="center" style="margin-bottom:0cm;margin-bottom:.0001pt;\r\ntext-align:center;line-height:normal"><span style="font-size: 10.5pt; font-family: Helvetica, sans-serif;">&nbsp;</span></p><ol start="1" type="1">\r\n <li class="MsoNormal" style="line-height: normal;"><span style="font-size:10.5pt;font-family:" helvetica",sans-serif;mso-fareast-font-family:="" "times="" new="" roman";mso-ansi-language:en-us"="">Model adalah bagian yang\r\n     bertanggung jawab terhadap operasi database, baik itu create, read, update\r\n     atau delete. Ia berupa fungsi-fungsi operasional database yang dapat\r\n     dipanggilkan oleh Controller.<o:p></o:p></span></li>\r\n <li class="MsoNormal" style="line-height: normal;"><span style="font-size:10.5pt;font-family:" helvetica",sans-serif;mso-fareast-font-family:="" "times="" new="" roman";mso-ansi-language:en-us"="">View adalah bagian yang\r\n     menangani tampilan. bagian inilah yang bertugas untuk mempresentasikan\r\n     data kepada user. Ia berbentuk struktur HTML yang berisikan variabel data\r\n     yang dikirimkan oleh Controller.<o:p></o:p></span></li>\r\n <li class="MsoNormal" style="line-height: normal;"><span style="font-size:10.5pt;font-family:" helvetica",sans-serif;mso-fareast-font-family:="" "times="" new="" roman";mso-ansi-language:en-us"="">Controller adalah bagian yang\r\n     mengatur hubungan antara Model dan View. Ia adalah otak dari kinerja\r\n     aplikasi. Ia terdiri dari fungsi-fungsi yang bersifat operasional dan\r\n     logikal. Saat ada request yang masuk, ia akan menangani dan memprosesnya\r\n     untuk kemudian ditampilkan dalam View.<o:p></o:p></span></li>\r\n</ol><p class="MsoNormal" style="margin-bottom:0cm;margin-bottom:.0001pt;line-height:\r\nnormal"><b><span style="font-size: 10.5pt; font-family: Helvetica, sans-serif;">Fungsi\r\nkedua adalah</span></b><span style="font-size: 10.5pt; font-family: Helvetica, sans-serif;">:\r\nmemberikan Standar Coding sehingga memudahkan kita atau orang lain untuk\r\nmempelajari kembali sistem aplikasi yang dibangun.&nbsp;<o:p></o:p></span></p><p class="MsoNormal" style="margin-bottom:0cm;margin-bottom:.0001pt;line-height:\r\nnormal"><span style="font-size: 10.5pt; font-family: Helvetica, sans-serif;">&nbsp;</span></p><p class="MsoNormal" style="margin-bottom:0cm;margin-bottom:.0001pt;line-height:\r\nnormal"><b><span style="font-size: 10.5pt; font-family: Helvetica, sans-serif;">Kelebihan-Kelebihan\r\nCodeIgniter</span></b><span style="font-size: 10.5pt; font-family: Helvetica, sans-serif;"><o:p></o:p></span></p><p class="MsoNormal" style="margin-bottom:0cm;margin-bottom:.0001pt;line-height:\r\nnormal"><span style="font-size: 10.5pt; font-family: Helvetica, sans-serif;">&nbsp;</span></p><ol start="1" type="1">\r\n <li class="MsoNormal" style="line-height: normal;"><span style="font-size:10.5pt;font-family:" helvetica",sans-serif;mso-fareast-font-family:="" "times="" new="" roman";mso-ansi-language:en-us"="">&nbsp;Berukuran sangat kecil.\r\n     File download nya hanya sekitar 2MB, itupun sudah include dokumentasinya\r\n     yang sangat lengkap.<o:p></o:p></span></li>\r\n <li class="MsoNormal" style="line-height: normal;"><span style="font-size:10.5pt;font-family:" helvetica",sans-serif;mso-fareast-font-family:="" "times="" new="" roman";mso-ansi-language:en-us"="">Dokumentasi yang bagus. Saat\r\n     anda mendownloadnya, telah disertakan dengan dokumentasi yang berisi\r\n     pengantar, tutorial, bagaimana panduan penggunaan, serta referensi\r\n     dokumentasi untuk komponen-komponennya.<o:p></o:p></span></li>\r\n <li class="MsoNormal" style="line-height: normal;"><span style="font-size:10.5pt;font-family:" helvetica",sans-serif;mso-fareast-font-family:="" "times="" new="" roman";mso-ansi-language:en-us"="">Kompitabilitas dengan Hosting.\r\n     CodeIgniter mampu berjalan dengan baik &nbsp;pada hampir semua\r\n     &nbsp;platfom hosting. CodeIgniter juga mendukung database-database paling\r\n     umum, termasuk MySQL.<o:p></o:p></span></li>\r\n <li class="MsoNormal" style="line-height: normal;"><span style="font-size:10.5pt;font-family:" helvetica",sans-serif;mso-fareast-font-family:="" "times="" new="" roman";mso-ansi-language:en-us"="">Tidak ada aturan coding yang\r\n     ketat. Terserah anda jika anda hanya ingin menggunakan Controller, tanpa\r\n     View, atau tidak menggunakan Model, atau tidak salah satu keduanya. Namun\r\n     dengan menggunakan ketiga komponennya adalah pilihan lebih bijak.<o:p></o:p></span></li>\r\n <li class="MsoNormal" style="line-height: normal;"><span style="font-size:10.5pt;font-family:" helvetica",sans-serif;mso-fareast-font-family:="" "times="" new="" roman";mso-ansi-language:en-us"="">Kinerja yang baik. Codeigniter\r\n     sangat cepat bahkan mungkin bisa dibilang merupakan framework yang paling\r\n     cepat yang ada saat ini.<o:p></o:p></span></li>\r\n <li class="MsoNormal" style="line-height: normal;"><span style="font-size:10.5pt;font-family:" helvetica",sans-serif;mso-fareast-font-family:="" "times="" new="" roman";mso-ansi-language:en-us"="">Sangat mudah diintegrasikan.\r\n     CodeIgniter sangat mengerti tentang pengembangan berbagai library saat\r\n     ini. Karenanya CodeIgniter memberikan kemudahan untuk diintegrasikan\r\n     dengan library-library yang tersedia saat ini.<o:p></o:p></span></li>\r\n <li class="MsoNormal" style="line-height: normal;"><span style="font-size:10.5pt;font-family:" helvetica",sans-serif;mso-fareast-font-family:="" "times="" new="" roman";mso-ansi-language:en-us"="">Sedikit Konfigurasi.\r\n     Konfigurasi CodeIgniter terletak di folder aplication/config. CodeIgniter\r\n     tidak membutuhkan konfigurasi yang rumit, bahkan untuk mencoba\r\n     menjalankannya, tanpa melakukan konfigurasi sedikitpun ia sudah bisa\r\n     berjalan.<o:p></o:p></span></li>\r\n <li class="MsoNormal" style="line-height: normal;"><span style="font-size:10.5pt;font-family:" helvetica",sans-serif;mso-fareast-font-family:="" "times="" new="" roman";mso-ansi-language:en-us"="">Mudah dipelajari. Disamping\r\n     dokementasi yang lengkap, ia juga memiliki berbagai forum diskusi.&nbsp;<o:p></o:p></span></li>\r\n</ol><p class="MsoNormal" style="margin-bottom:0cm;margin-bottom:.0001pt;line-height:\r\nnormal"><b><span style="font-size: 10.5pt; font-family: Helvetica, sans-serif;">&nbsp;Kekurangan-kekurangan\r\nCodeIgniter</span></b><span style="font-size: 10.5pt; font-family: Helvetica, sans-serif;"><o:p></o:p></span></p><p class="MsoNormal" style="margin-bottom:0cm;margin-bottom:.0001pt;line-height:\r\nnormal"><span style="font-size: 10.5pt; font-family: Helvetica, sans-serif;">&nbsp;</span></p><ol start="1" type="1">\r\n <li class="MsoNormal" style="line-height: normal;"><span style="font-size:10.5pt;font-family:" helvetica",sans-serif;mso-fareast-font-family:="" "times="" new="" roman";mso-ansi-language:en-us"="">CodeIgniter tidak ditujukan\r\n     untuk pembuatan web dengan skala besar.<o:p></o:p></span></li>\r\n <li class="MsoNormal" style="line-height: normal;"><span style="font-size:10.5pt;font-family:" helvetica",sans-serif;mso-fareast-font-family:="" "times="" new="" roman";mso-ansi-language:en-us"="">Library yang sangat terbatas.\r\n     Hal ini dikarenakan sangat sulit mencari plugin tambahan yang\r\n     terverifikasi secara resmi, karena pada situsnya CodeIgniter tidak\r\n     menyediakan plugin-plugin tambahan untuk mendukung pengembangan aplikasi\r\n     dengan CI.<o:p></o:p></span></li>\r\n <li class="MsoNormal" style="line-height: normal;"><span style="font-size:10.5pt;font-family:" helvetica",sans-serif;mso-fareast-font-family:="" "times="" new="" roman";mso-ansi-language:en-us"="">Belum adanya editor khusus\r\n     CodeIgniter, sehingga dalam melakukan create project dan modul-modulnya\r\n     harus berpindah-pindah folder.<o:p></o:p></span></li>\r\n</ol><p>\r\n\r\n\r\n\r\n\r\n\r\n\r\n\r\n\r\n\r\n\r\n\r\n\r\n\r\n\r\n\r\n\r\n\r\n\r\n\r\n\r\n\r\n\r\n\r\n\r\n\r\n\r\n\r\n\r\n\r\n\r\n\r\n\r\n\r\n\r\n\r\n\r\n\r\n\r\n\r\n</p><p class="MsoNormal"><br></p>', 'a54cd628d1ab287fe3782a1113a8495e.jpg', 'JbGHW01171diHtu', 'rYHeXL2701thdDR', 1),
('z7bT2j0117pTFX0', '2017-01-20 04:46:31', 'Pengertian PHP', '<p><font color="#333333"><b>PHP</b> adalah bahasa pemrograman script server-side yang didesain untuk pengembangan web. Selain itu, PHP juga bisa digunakan sebagai bahasa pemrograman umum (wikipedia). PHP di kembangkan pada tahun 1995 oleh Rasmus Lerdorf, dan sekarang dikelola oleh The PHP Group. Situs resmi PHP beralamat di </font><a href="http://www.php.net.">http://www.php.net.</a><font color="#333333"><b><i></i></b></font></p><p><font color="#333333"><b><i><br></i></b></font></p><p style="text-align: center; "><img src="data:image/jpeg;base64,/9j/4AAQSkZJRgABAQAAAQABAAD/2wCEAAkGBxISEhASEA8WFhUWFxgXFxgVFRYYGhYYFh4YGhcZGxcYHiggHRsmHhcXITEhJSorLi4uFx8zODMtNygtLisBCgoKDg0OGxAQGy8mICUtLy8vLS4tLS0tKy0tLi0vLS0tLy0tLS0tLS0tLS0tLS0tLS0tLS0tLS0tLS0tLS0tLf/AABEIALoBDwMBIgACEQEDEQH/xAAcAAABBAMBAAAAAAAAAAAAAAAAAgUGBwEDBAj/xABNEAACAQMABQcGCQgIBgMAAAABAgMABBEFEiExQQYHEyJRYXEycoGRobEUIzRCUmKSssEzQ4KDwtHh8BckU3OTosPSFRZUY5SjVXTx/8QAGQEAAwEBAQAAAAAAAAAAAAAAAAIDAQQF/8QAJxEAAgICAgICAQQDAAAAAAAAAAECEQMxEiEEEzJBYSJRgfAUM8H/2gAMAwEAAhEDEQA/ALxooooAKKKKACiimjlPyigsITNO3ciDypG4Ko/HcONCVgdWmNLQ2sTTXEgRF4neTwVQNrMewbap/TXOFf30jR2CtDF2jHSEdryHYngu3ZvNR3S2m5NJXHSXk6xxr5KA7I1PzUXix4uRt8MLTzbacsYVCRvgDsR9veSRtPfXXiwrchZSrRwPyYuZds92Wb6zSSH7TEVpmnvdHFTFpAjsRZGPpML5UjvOa33fKKadxBYxMWbYCFy58F+aO87u6pLyd5sh+W0lJrHyjGrnH6yXefBceJqk3BdIxcvs4YuX+l71VhtIlDgYd4Y8k95aQlI8jt47iN1K/wCTdNS9aW/IJ24a6mJHoUFR6DU4bS8ECiK2iXVXcEARB6ht/nbTZPpydvn6o7FA95yaWOKT0qMc0RV9G6esevHcySKN4WUzDA/7co9wqU8iuc9Lh1t75VilJ1VcZEbtu1SDtRidm0kE8QSBWj/iE39s/wBo1GuVuhvhKtKqjpQNuAB0g7CBvbsPoPc0vHtAshedFUloHnamt7eOGW2E7INUSNOUJUeSG+LbJA2Zztxt25J7Dz1vw0en/kk/6VcnqkULhoqnf6ZZjusE/wAVj+xR/S/dHdYJ9qQ/hR6pAXFRVOf0s33CwT1Smsf0raQ4WEf2Jv30eqQFyUVTg52L8eVYR/ZlHvNLj555QcSaPQ+EzL7DGaPVIC4KKrey54bRsCW3mj7xqOo9TBvUKlGieWuj7kgRXkesdgV8xsT2BZACfRSuDX0BIKKKKUAooooAKKKKACiiigAooooAKKKrznE5wxaFra0w1x89jtWHPd86TG4bhkE53HVFt0gJfp7lFa2a611OqZ8ld7t5qDrHxxgVW+mOd+RjqWFp4NNlmPhFGfbrHwpr5Ncgbm/b4TfSuquckuSZJPXuHdw4YxirS0LyctbRQIIFU/SIyx7yxq3GMd9syyrxByhvtrSSxod3WFuuOzCYYjxzXRa80czHXuLxATv1VZ2PizEVat1eJGMyOF8Tv8BvNNFxynhHkBn9GB7dvspo8n8UY2lsjFvzTWi/lLid/Aoo+6T7ajVtzYXL3MqvqxW4c6smsrlkydUKoOdbGMlsYPbVgxcp8uutGFTicliOzs44pGk+UWerB9oj3A+81RY8l0ZzQqytLPRsepBH1iNvGR+927PYOApo0hpKSY9Y4Xgo3D957zXIzEkknJO8njWK6IYlHv7JOTYUUUVUUKKKKAIdcv8AAdIRzAfFswYjhqv1ZR6NrD0VbZZRu1fZVYcurfMUb42o2PQ4/eFp20DP0lvC3HVAPivVPtFc7hcmivLqybGZfpD1ikNcL9MesVG6wab1fkXkSFrlfpj7QrW10n9ov2hUfJpBNb60HIfzdp/aL9oVreZG2FlPiQaYSaQTW+szkONzoS1kzrW8Z71UKfWuDTDpDkLA2eidoz2Hrr6jt9tdRNKW6cbnPv8AfR6zeQz2s2ldGbYJmeIfN2yR4HAxttQebjxqd8lOdS3uCsd2BbyHYGJzEx84+R4Ns+saY49Jn5wz3jZTbpbQcF1lkwknaBv85ePiNtRn46Y6mXeDWaorkpyxudFSLb3QL2/Bd5jH0om4r9T1YOc3XZaRhmjSWKVWRxlWBG0H+d3CuKcHF9lDqorX0y/SHrFHTL9IesUgGym/SOnLW3IFxdQxE7hJIik+AJzVac4HOS+u1ro58YOq84xtO4rGTsA4F/HGNjVBYNHWu17q9y7bT0Z1zk7yXw2sf521aGFy2Y3R6LsNIwzrrwTRyr9KN1cZ7MqTXVXm/k/pJbO/t5LW4PRF41kZgVBjZgJA4IGQBls42HB4V6Jsr2KZBJDKkiHcyMGU+kbKWcOLNGDnB5SfALR5Ex0rno4gdvXIJ1iOxQCe8gDjVe81vJHp2N7dAsusSgbb0j5yzsTv28eJpHOxctd6Tgs4z+TCRgdkk5DMfs9H6jVr2VslvCkSYVI1AHcFG0/jTr9Metsxm+4uFjUsxCqP5x/CoNyh5dxxkqsgj/zSH9EZ1R/OaaeX+nZ3QmBWxraowCSqnPXwPnHdnhmovoLkuGAluQSTtCEkb+Lnfk9nr7Kvjw1tdiOR3S8srctt6VieOqDn1tmum05R20hCiTVY7AHBXadwzu9tONvbogxGiqOxQB7qW8YJBKgkbiQDjwrpSkT6FUUUU4oUUUUAFFFFABRRRQA18p4ta1mHYA32SD+FcnImXNsR9F2Hrw37VOml1zBOO2N/ummLkG3xcw+uD6x/Cpv5odfEk5pJNZJpBNUEME0gmuuCOJYp7i5kZIYQutqDLMznVVVB2ZJxv7R4jgtOUmipHjjAvgXZUBZYMAsQBnVJOMngKlLLFOhlFsyTSCa6dJ2phlkiJzqHGe3sPqrjJqid9mATSCaCaQTWmATSM0E0gmgBV4qTp0cw81xvU9tQm80b0cvRy4H1sZBB3MO0VMSa4dMW3Sx4+cu1fxXwPvqc4X2PGVDD/wAMg/6hPsD99c13ZxrjVdXznOFAx7am3NryastICaO4aVZkww1HUBozszgqdqtsPnLU4/oj0f8ATn/xF/2VyyyxXVFaZT+i7K3fHS3XRn6Oofvnq1IrTk/YkbJuk/Wr+ziuDljyPm0fKS6M9uW6ko2Ag7lY4Oo/iMHeM7QOez0ZZzDq3TRt9GULn0HYD6KpBp6Rkl+R9ueT1kASTqd/S/7iRTVyav5rS+A0c7Ta2supggSgKxwV46uCQ3ccbCctWmtGxwaupcrITnIAA1QNxOGNXzyH5KWtpFFLFCRNJGpd5DrONYAsudyjPBQM4FJmmkqoIr8ld8mx8J5QXEjfm5Lh/RHmFPepqw+VV5qxhAdrnb5o3+3HtqAc1I1r+/l46r/+yUMfu1KOVEuZsfRUD0nJ/EVmONzX4Cb6GisMwAJJwBtJPAVmmXlfIVtXxxKg+BO393prtbpWRStnDfcqyW1LWPXP0mBwfBRtI7zinTQYnIZ55lYnciamE8Su8+n113cjOQifBGuprf4RIULRwFgocjcpLbBt2ZO4g+lliUzx3cpsYrWW2YqJIGKFZMMVjljYnXRiuprA+Uy7CMkcyzd9lePXRIKK02U/SRxyYxrorY7NYA/jW6ukkFFFFaYFFFFABRRRQBzaRPxM392/3TTHzeWcjx3BjjZgGUHVUnBweynTlDLq2057UK/a6o99V/Z6Vng/I3MsQJz8XK8YYjtCkAnxqOSTUlRSCtFoTwunloy+cpHvrQTUU0fzg6RiO256ZOKTqrq3idjf5qmUVzDd2wvLdOjw2pPFnPRPwKnihyMeI3bQCOW3TCUKG/ltN0ei4kG+e5ye9IlP7YWopyBsxNpGxQ7ulD/4QMv7FPfOnLg6Ot/7O36Q+dO2SPH4v21B4rho2V0kKMPJZWKsD3MDkHwrnfdlF0i39J6NuXllk+DS9Z2YdRtxJxw7KbLizlQZkhdR2sjL7SKgH/Mt3/8AI3P/AJU3++nKx5caRiIK30jDskIkB7jrgn1GqrLJfQvrJGTW21sZZc9FE7436qkgeJFdBu0vLRL1I1jkDmG4RBhNfAYOoO4EEek42kEng5f6Wmtk0fawTyRfEdPJ0TshZpicazKQTjVbZniO6meXpNCqHdHadBXX/Sy/YakNoK6/6WX/AA2/dUFGnr07BfXWf/sTf7qH0/ertN9dL3m4nH7VL7pDetEturSSP8pE6eejL7xXKTTfYcvdIxYxdtIvFZgsisOwlhrY8CKkkU8N/bS3MEIhngx08KeQyHdLGOA2HI4YPcWaObupIVwojmhtI/ANIQXGcJrDX7OjfqyZ8PKx2qK9GV5p0/FlFbsOPQf/AMFXvyD0j8I0fZyk5bowjHtaPMbH0lSa5vJjUrKQdofJoldSrqGUjBDAEEHeCDvFQXTHNRYzMWiMkBO9YyCn2XBx4KQO6p7RXMpNaGIHoPmqsoJFkkaScqQVWTVCAjcSqjb4Ekd1TyiihtvYFLczR+Nvj9WP2mSn/TbZnl8QPUAKjvM0eve+bF75Kf8ASh+Ol84134fmyWQ5a03lssqPG4yrDB/eO8b/AEVuorpJjnoLlFElsbO+EidVk6SMPhlbOSrptVtpI4j0ZNff8qqJClvcytbkjWZ4jDkL5KgE5c/W1VG3I7Kl1FSWGN2NzdGFUAAAYA2AdgFab67WKNpHzqrvwMnacbvTW+sMoIIIyDsIPEVUU1WlykqB421lPEe49h7qb7nTGLiK3iUOT+UOfIHo48fUONM3KPQ0cEbzQs6EkDVDdU5Pr9tP2hdFxwINReswBZjtJ7u4dwpLbdDUtjjRRRVBArBrNM+mNPxQAjId+CKeP1jw99Y2ls1Kxt5b3wCJCDtY6zeaN3rP3ak/Ju/mtbaKAFSoBLIyKwJclmB2ZO1jxqH6E0dJPKLq4Gw9ZcjGv9EgH5gxs7ceNTnRujHmYbCI97yHYqqPKOsdm6pVF3KWh310iD85WjYoL3EEYRJIY5tRdioX1gVUcB1c47+ynXmiQySX9v8ANkt8/pIwCenrmo9y30wt3ezzR/k8hI/MjGqCO4kFv0qnvMnY9HHc3cmxZCI0z2RBmkbwzgeKGuVuolSF85V50ukrsg9VGWJe4RqqsPtBqkXN27W1hdXSdWWSdYUYqCdVFDtjIOw5YejuFV7eXRlkklI2yO0h8XJY++rLt4ui0ZoyLi6yTt+tbKf5Tj0U8Y21EyTpDvo/lLdySxRtKGV3VSpjjwQxAO5eyqt5XRxrfXqwqFRZpFCjYBqsQQBwAIOzhVj8kVHwpHbyY1eRvBVO31kVUs9wZGeRvKdmdvFyWPtNNkSUqSFhdFh8h7cnRkw/t7yOJPQqHI9OR6KYec276TSV1jyY9SJe4Iq5H2i9T3kdaasGhYjuxLdv4Nl4z6iBVQ39300s0x/OyPJt/wC4xb8aRf3+/wADLZO+b6RraxvbuM6srzRwI2ASAoEj41gRtDbfNHZTkOWV9xuNYdhjiwfHC1xovQ6L0bEcZkMs7fpNiM/Yb2Vo0boua4ZVhjLZONbB1V72bcBVscI8eUkTk3fRwc49nEDZXMcSxtcxM0iINVddCAXC8NbW9nbknHNQ39fEfzZYZo380rrbfSorn5xdJRy3SxQNrRW0SwKw3MUzrsPScd+pmu3m2hMS398dixQmFD2zTYwB3gAZ7nFQ2uiv0NmkRmJ/DPqwas/mSudawdD+bndR4MqP73NVnd/k3H1T7jU+5im/q92P+8p9aD91U8tdCY9FnUUUVwFAooooApHmdPWvfNh98tP+kfysnnGo9zQnrXvhD75akF+fjJPONelh2yWQ0UUUV0EgooooAKKKKAI7yyOuLeAb5JB6h1fe49VSKo1ZN8JvWlG2OAaqHgWOdvtY+haktJHttjP9gqK6U5SyNIYbRdY5xrY1iSN+qN2B2n+NSHSZYQzFM63Rvq435wcY76j3IWABJZNXaWCg9wGcD0nb4Csk3dI1VVnHpPRl+LZrm4lxGHEeqZDks23AROru276jJHCrG5yZtSy0fDxkklnP6A1F9Yk9lR3m+0RHdX0Ucy60Sh5JBtGVRTgbOGsUz3Zrmk9lVo7Y+crSIVVEkXVAAPQpnZsHd7KaNM8rL26Urc3bsh3qNVFPcVQAMPHNWFrWX/xFr9j+FKivoIzrQaNtI2G5hCCw8GrVil+xnNEI5LcjZrvEsuYLUbXmcY1l7IgfLY7gdoHeeqbAvtJIlnftCvRQwWvweBewznUDHtcsBt/iS3aR0lLOcyyFsbhuA8FGwViyv+jEiPEksUgAeORcq2qcqfEH+d1O8Lr8i8+yqwhOFUZY7AO0nYB66tzlWoSZYV8mCKKEeCqD+1WqK/tY2V4tFWqupyramdVhuI7wdtN11cNIzO5yzEkntJrccJKVsyck10dcUvRWOlZt3xIgU99w2ps9lVeELYVRljsA7SdgHrqzLDSXRrJG8Mc0UmrrxyrrKSpyp7iD/OwY2xaUto2V4tFWqupyramdVhuI7xvrJwk5NpGxkkh605ILddJMhwLWxS2Q9jSDCY9JxVJirI5U3jDRUjucvd3agntWMa+fDXXGO8VC+S2jRc3lrA3kySKGwSMoOs4yN3VVttS1/H/B46HbR/ODfQxRQo8ZWNQia0SkhV2KM9w2VyaV5a6QuFKS3j6h3qgWMY7D0YBI7iTUxvL2xSSRE0RalVZlUldpCkgE7OIGa0DTcCEGHRNkjDcxhDEeB2YNMsUt0ZzREuTPJWe9OUAjgXa88myNFG8gnGsR2A+JA21J9NX0QjitLMEW0OSCfKmkPlSt45OPHhsA1aX09cXOBNKSo3IMKgxu6o2HHacmmomrQxU7kJKd6NN62I380+2rG5i4sWl0/bPgfopH/uqr9Ly4THafYNp/Crx5s9GmDRtqrDDOplbZg/GksoI7QpUeio+U/obGuiUUUUVwlAooooAo3mkPWvfCH/VqQXR67+c3vNRzmoO288If9WpDMes3iffXp4iOQRRRRVyYVquLhIxrSOqjtYge+uHT+lhbx5wC7bEB7eJPcPxFa+SfN7PpEC6vJ2jjfamADI69q56qJ2bDnsxgmWTKoDxhYtuUNqPz49AY+4U0aQ06bk9BbEKG2NI5C9Xjqg7fx7uNWQOarRoXakpIG8ytn2YHsqnOTWiBdB9ZypVVIIAI62d49HbUo5nk6Q/BLsnmjLBII1jTcNpPFid5P89ldVQw6Cvbfbby6wHBWx/kbq++uF7+4e5tzNrK6si4wV2Ftpx35we0VXnXVCcb+ywDSWNBNIJqohjlfyal0g1rJb3NuqR26RlJpSjK4LFjgKc5yu36tJ5L8nTo5buWeeB5ZIjDEsDlyA5BdmJUY8lfVQTSCah6e9lOfQE0gmgmkE1cmYJpBNZJpBNAGCaQTWSaQTQBgmkE1kmkE0AO2mNDtf2lhHb3Nuhg6bpEnkMZLSMpVhhTkYB+16tfJbk7/wANmN5c3VsxjjfokhlMjtI4KjYVGBgnbt38KampBqDwW9lOfRjNIJrJNIJq5MwTSCayTSaAG6WPXuIEkGVZ0XGd6swDZx27a9OAY2CvM7fKrXz4vv16ZrzvJ+R0R0FFFFcwwUUUUAURzWHrXfhF/qVIXO0+NRrmwPWuvCP3yVJK9TFojk2FFFAqxMiqWfw/SsNsdsYYK3mIC8vhnBXPhXoBVAAAGANgA4CqV5n4+k0ncyncIpT6XkTHs1quuvLzyuR0pUhMm4+Brztzd/nvMj/ar0TJuPga87c3f57zI/2qp4vyFnomlQvlJ8vg/VffNTImoZyj+XQfqvvmuzJonDZMGNIJoY0gmqCATSCaCaQTQAE0gmgmkE0ABNIJpM8oVWY7lBJ8Btrk0ffrMpZQRg4IP8Ky+6No6iaQTWSa1k1pgE0gmsSyBQWO4Ak+ArmtbtZAWXOw420X9Gm8mkE0E0gmgwwTSCayTSDQAViiigDjb5Va+fF9+vTNeZm+VWvnxffr0zXneT8johoKKKK5hgooooA8/wDNs2HufNT3tUpqJc3Z69x5i+81La9XFojPYUmR8AnsBPqpVcml31YJz2Rv901RiCuYaLL37ngkK/aMpP3RVwVWPMTF/V7t+2ZV+ygP7dWdXk5PkdImTcfA1525vPzvmR/tV6Jk3HwNebeQsckjGKJtXWVS74BKKuc4B2axJAGe+reM6Ys9E5JqG8ovl0H6r75qSRO0crQSPr7NeN8AF13MDjZrKSN28EVGuUPy2D9V9812TdolHZLWNIJrJNIJqohgmkE1kmkE0AYJpBNBNIJoA5tJn4qbzH9xpm5P6Mv5Ud7OBpEVsNq6hw2AcYJ1txG6nfSR+Kl8xvcamXMV8mu/78fcSubyJOPaK410VxpC6vbcqLi3aMtnV6SJ11sYzqk4BxkZxuyO2tPw66O6PH6B/Gp5z9+Vo7zbn329ReOGYwicY1cZEeOsyDjn6R3gUYpOats2SSGa4N0VbXzq4OfIGzj310aB8h/O/AV2XjgxOQcgoSPAiuHQXkP534CqJVNC3cRzJpBNBNIJqpMCaTWaxQAUUUUAcbfKrXz4vv16ZrzM3yq18+L79ema87yfkdENBRRRXMMFFFFAHnjm+PXuPMX3mphUN5Anrz+avvNTKvWx/EhPYU2cpHxazn6uPtED8ac6ZeWDYtZO8oP8wP4U0tMVbJlzJwauj3b6c7t6lRP2Kn9Q3mijxou2P0mmP/tkA9gFTKvJn8mdImTcfA1RHN7BqWrScZCFz9VB+/NXw42GqJ5PXHRaOR/oRyNj6wLEj1iunxdsnk0bb1pZSZ4lUpbuw2k60pAxKqcMD2leFMGmpQ13bspyGEJB7QWJFTLRkHRwwx/RUZ72O1j6STUA0hiK6CnYsTgDuTXLj1BseiumfS7FhsnJrkiaaXXNvErKhILOxUMRvCYBzjdk7M1ovNH61v00+TLMVSCMk4i1zhTjiwGWJPZipNCohjjhj2BVH8+NPbehH0R+3uA4zggglWU71YbwaUTWjS0yx3GsMnWTMoVWbU1fIdtUbMjWHgo7K2BwQCDkHaCOIrUwYE0gmsk0gmmMObSJ+Kl8xvcamnMV8mu/78fcSoTpE/FS+Y3uNTbmK+TXf9+PuJXJ5Wi2M5Oe6DpJtFJ9L4QPQTb59lM9/ciNQQudyIo+cTsAH87qkvOwv9a0SeAF169WHHuPqqJP1riMcI0L/pN1V9QDVTxf9di5NjLcxNGksUigEKzKAcjVOdgPdu9Vc+hD1H878BTtynj+LDjepIPg4IPt1fVXHyO0b8Idlf8AJJ15PrcFTwOCT4d9NL9M6DcbFW79K6xwkM7HHaFHFjjgP4U46Z0HJbKJDJ0ifP6oBXPzhj5vu7afNElWmuJwoCp8TEOwJ5WPFy32BStKXCrG7S9YEapAGS2tsCgcSc4xTdvsS+6IhRWZbOWDo0nQrrDqnIOccCRubFYpk7BhRRRWmHG3yq18+L79ema8zN8qtfPi+/XpmvO8n5HRDQUUUVzDBRRRQB525B+XP5q+81MqimmLWTRWkJVdCYpCxQgbHiY5GqdxZNike4MDT3b6at3AKzoO5iFPqbFepiknEjNOxwqPcuHxbqO2RR6gx/CnSbS1uu1riP0OCfUNtRjSVzJpGeG2tELZPVyMZO4u30UUce89wpskkomRTsunm7i1dG2I7Ylb7eW/GpFXLoqxWCCGBPJijSME8QgCgnv2V1V5T7ZcKoblnbvYTXlq6kw3HSSwMOGvvXwVjgjeBg/Oq+abOUOgYL2Iw3Kay5ypGxkbgytwPsO0HIJFPjnwZjVlZWF6ksSyqwwRk7fJPEHsxUN6EXN+hI6kjBx3xoMZ8GEftp/07zW3tuxa11biPOQOqr7N2tG/VbHcTnsFMsN1PDdQyXlu8WAYyXiePYc4PW2bCd44V2+1Tonw43RKb1+ku7dTuVZJPDyUX2O1dd3cBVeR9ygsfAbTXC7YuozweFgp71ZWx6mz6Kxyh/IOODFFPg7qrewmrasl+x0aEjKQhmHxs3xkh723L4AYHoplEXRSywjyRiRO5XzkeAYN6CKkhpj03sntyOKSg+AMZHvPrrao1OzWTWsmsk0gmmMOfSB+Kl8xvcanHMV8mu/7/wDYSq605dhUKZ2t7F4n8KuHmp0M1to+PpFKvMxmYHeNYAICDuOoqEjgSa4/Ka0Wxro186uiZJrRZoRmS2cSgAZLJgiQeo63fq4qrtF6TSWdiNheNdh4FC2QDx2Nn0GvQtVfyz5rOkdp9HMqMTrNC3VUnfmNh5B+ru7CtSwZuHTGlGyH8pZB0JXixGB5pDE+oe2u7kigjs9b6ZZ28FyB7Fz6ajOkLO7tC3wu2kXgWkDEY7BLtUjwNO3JPSsbRG2dgp6wXJ8pWycZ7QSdnhXWpqUrJuLUaH7QK4toAd7KHPi/WPtY0l8PdRqdqwr0pHa7ZWP1AOfSKzoKTMEQPlIOjcdjR9Uj2Z9IpNl8ou87/isebqnH+bXp/pCfbFcoLcywycWA1185No9e0emotG+QCOIB9dTfPbuqB2P5NOzGzw4eym+wWjdRRSJZQoyxwK0DnAzd2oG8yRD0mQYr0xVC82OhGvL9Z2X4q3YSMSNmuPySA/SBw/6PDIq+q8zyJJyOiKpBRRRUDQooooA49K6KguYzFcQrIh24Ybj2g7we8YNQe95oLJiTHNPGPohkZR9tS3rNWJRTKTWgK3t+Z2zBBe5uGHYDGoPj1M+oipnoHk5a2SlbWBUz5TbWdvOdssfDOBwp1oocm9gFFFFKAUUUUAFaL6zjmjeKVA6OCrKdxB/nfW+igCl+U3N/fWpD2LtPAja6JnMkWM7NU+WMEjq7TnavGmmflJC6SQ3UckTkarLq7QTxAOCDx2ir+rlv9HwzLqzwxyDskRXHqYGuiHkSjsVxTKMsOV0eoBMG1xxCgh+/GdhPZu764JNOxySGVyRs1UXBOquckk7tYnG7dgU/8tdFwRlujt4k8yNV9wqB2yguAQMZq8czaM4Ie5NOxDcGPoA95rTb3txct0dpAzt9RS5GeJwMKO87KsTkLoO1kx0tpC/nxI3vFWZBCqAKiBVG4KAAPQKnLyZAoIq7kTzYMrrc6SwWBDLDnW63AytuOPojI2DJO6rVoormlJydscKKKKUANR/lFyNs7yMpJCqtvEkaqrqe3WxtHccj2VIKK1OgKVm5C6TsHZrULcxHeFOq2BxMbHYeHVLeFMGldNXEUiSvZPAygq3ShwHU7dU6yruO0Hv769E0VaPkSSoVxTPNukeV5lQoECK2xiHySOIBwMZ9NN50yo3KPtD91em3s4zviQ+Kg/hSo7ZF8mNR4KB7qf8AypBwR5vs4L2fAt7SRs7isTkfbI1R6almgOam6mZXv5BCnFFIeU92RlE4bet4VdNFTlnlI1JI4tEaKhtYkht4wka7gOJ4kk7Sx4k7TXbRRUTQooooAKKKKAP/2Q==" data-filename="download.jpg" style="width: 271px;"><font color="#333333"><b><i><br></i></b></font></p><p><font color="#333333"><br></font></p><p><font color="#333333">PHP disebut bahasa pemrograman server side karena PHP diproses pada komputer server. Hal ini berbeda dibandingkan dengan bahasa pemrograman client-side seperti JavaScript yang diproses pada web browser (client).</font></p><p><font color="#333333"><br></font></p><p><font color="#333333">Pada awalnya PHP merupakan singkatan dari Personal Home Page. Sesuai dengan namanya, PHP digunakan untuk membuat website pribadi. Dalam beberapa tahun perkembangannya, PHP menjelma menjadi bahasa pemrograman web yang powerful dan tidak hanya digunakan untuk membuat halaman web sederhana, tetapi juga website populer yang digunakan oleh jutaan orang seperti <b>wikipedia, wordpress, joomla, dll.</b></font></p><p><font color="#333333"><b><br></b></font></p><p><font color="#333333"><br></font></p><p><font color="#333333">Saat ini PHP adalah singkatan dari PHP: Hypertext Preprocessor, sebuah kepanjangan rekursif, yakni permainan kata dimana kepanjangannya terdiri dari singkatan itu sendiri: PHP: Hypertext Preprocessor.</font></p><p><font color="#333333"><br></font></p><p><font color="#333333"></font></p><p><font color="#333333">PHP dapat digunakan dengan gratis (free) dan bersifat Open Source. PHP dirilis dalam lisensi PHP License, sedikit berbeda dengan lisensi GNU General Public License (GPL) yang biasa digunakan untuk proyek Open Source.</font></p>', 'bed81191d6db49e2e0d5db762194942d.jpg', 'JbGHW01171diHtu', 'rYHeXL2701thdDR', 1);

-- --------------------------------------------------------

--
-- Struktur dari tabel `auth`
--

CREATE TABLE `auth` (
  `id_auth` varchar(15) NOT NULL,
  `username` varchar(20) NOT NULL,
  `password` text NOT NULL,
  `id_user` varchar(15) NOT NULL
) ENGINE=InnoDB DEFAULT CHARSET=latin1;

--
-- Dumping data untuk tabel `auth`
--

INSERT INTO `auth` (`id_auth`, `username`, `password`, `id_user`) VALUES
('1', 'admin', '21232f297a57a5a743894a0e4a801fc3', '1'),
('1ckwBX2001TwFZk', 'nindra', '39258741aae25828c1ea891a0f8f7cc7', 'SUfON62001LZ3Jr'),
('Cf7j5G2001qJVGM', 'hsrh', 'df10847b5850d2be18c7bedcd3c33428', 'KGZjqi2001XjGoJ'),
('CMmWG42701XFzIJ', 'imam', '21232f297a57a5a743894a0e4a801fc3', 'rYHeXL2701thdDR'),
('DwxshR20016pgbd', 'admin2', 'c84258e9c39059a89ab77d846ddab909', 'swhvI82001ZlbK0'),
('FCQxyk2001lSEe0', 'jaka', '9d83066da00b7c7fa9de34117f488653', 'TVUCOe2001B5GWp'),
('NL6JsU20012A5me', 'hsrhr', 'b078bfc5d5b96f2b5d4a68b2cb800489', 'OP7m042001p1Gmr'),
('nWUduE2001ZuY31', 'raka', 'e5b2a975d9b73165bcc8b5e63ce488ff', 'v0x7ei2001V7SlT'),
('xgBIfR2001djy3Q', 'taeg', '4dcaeebaa201ac85691509cd8529f095', 'KYMCOk2001M97bO');

-- --------------------------------------------------------

--
-- Struktur dari tabel `category`
--

CREATE TABLE `category` (
  `id_category` varchar(15) NOT NULL,
  `category` varchar(100) NOT NULL
) ENGINE=InnoDB DEFAULT CHARSET=latin1;

--
-- Dumping data untuk tabel `category`
--

INSERT INTO `category` (`id_category`, `category`) VALUES
('6X1R50117FRfPug', 'Lomba'),
('8afkc0117IlVaxQ', 'geagea'),
('JbGHW01171diHtu', 'Pertemuan'),
('vkDpt0117RXjqyu', 'tes');

-- --------------------------------------------------------

--
-- Struktur dari tabel `division`
--

CREATE TABLE `division` (
  `id_division` varchar(15) NOT NULL,
  `division` varchar(15) NOT NULL
) ENGINE=InnoDB DEFAULT CHARSET=latin1;

--
-- Dumping data untuk tabel `division`
--

INSERT INTO `division` (`id_division`, `division`) VALUES
('jfi39gu89gu20jv', 'programming'),
('kgplg23QsG9j4e0', 'multimedia'),
('ngieAogJu498qej', 'networking');

-- --------------------------------------------------------

--
-- Struktur dari tabel `gallery`
--

CREATE TABLE `gallery` (
  `id_gallery` varchar(15) NOT NULL,
  `date` datetime NOT NULL,
  `title` varchar(200) NOT NULL,
  `image` text NOT NULL,
  `description` text NOT NULL
) ENGINE=InnoDB DEFAULT CHARSET=latin1;

--
-- Dumping data untuk tabel `gallery`
--

INSERT INTO `gallery` (`id_gallery`, `date`, `title`, `image`, `description`) VALUES
('7YdRQ0117oP6cxH', '2017-01-20 05:14:43', 'ghsrhs', '2cfb98349fbc4a96cfc0728aba677e78.png', 'hsrhsr'),
('BhMSO0117qJDyAF', '2017-01-20 05:15:07', 'hsnstnhtd', '5536b44f1ae7551714c3dc9d22fa1024.png', 'hrshstnbts'),
('EWvf40117cGm73x', '2017-01-20 05:14:23', 'garg', 'd618f9865c3cbd515aac502187b103e8.png', 'gagar'),
('Ho89m0117lHfDX7', '2017-01-20 05:14:56', 'hbsfnbdn', 'bf3881ec306d1037dc61cffb8abd8c5c.png', 'hsrhsh'),
('Ie4xr0117DtwarS', '2017-01-26 07:38:00', 'rombongan arek arek kelas', 'f60e2ee0857b430d00e60750cb1b2b04.jpg', 'sdhsld'),
('lHUW40117LIMja1', '2017-01-20 05:14:12', 'gaeg', '5d75d1e11c549361e5fddfd35585e132.jpg', 'gaga'),
('LmoBV01179lWcAq', '2017-01-20 05:15:46', 'hinata', '5beabe6e14033140a1d6d192f8b237b6.png', 'jifjaeiogaegegrhr'),
('olxWq01174qGiW2', '2017-01-19 06:35:36', 'hywryh', 'a941f829084b63a464c41ddb0f943c23.jpg', 'hsrjhs'),
('pAbXF0117hXlRn5', '2017-01-20 05:14:28', 'geasg', 'f7885dbae22d0c0a37f2eef033030b7a.png', 'vvsfbfsbs'),
('ThY6J0117GPCHuw', '2017-01-20 05:14:18', 'grsgsr', 'f342e5646484883e1f29eb1c69adec35.png', 'gsrgr'),
('TiprC0117ijmunB', '2017-01-20 05:15:14', 'bngdngcn', 'a70921f930eac5102cb493509de790d7.jpg', 'hsrhntsdn');

-- --------------------------------------------------------

--
-- Struktur dari tabel `message`
--

CREATE TABLE `message` (
  `id_message` varchar(15) NOT NULL,
  `name` varchar(50) NOT NULL,
  `email` varchar(50) NOT NULL,
  `date` date NOT NULL,
  `message` text NOT NULL
) ENGINE=InnoDB DEFAULT CHARSET=latin1;

--
-- Dumping data untuk tabel `message`
--

INSERT INTO `message` (`id_message`, `name`, `email`, `date`, `message`) VALUES
('hlG280117tua', 'imam', 'coba@gmail.vom', '2017-01-28', 'yolo');

-- --------------------------------------------------------

--
-- Struktur dari tabel `tag`
--

CREATE TABLE `tag` (
  `id_tag` varchar(15) NOT NULL,
  `tag` varchar(50) NOT NULL
) ENGINE=InnoDB DEFAULT CHARSET=latin1;

-- --------------------------------------------------------

--
-- Struktur dari tabel `tutorial`
--

CREATE TABLE `tutorial` (
  `id_tutorial` varchar(15) NOT NULL,
  `date` datetime NOT NULL,
  `title` varchar(200) NOT NULL,
  `description` text NOT NULL,
  `image` text NOT NULL,
  `id_user` varchar(15) NOT NULL,
  `id_division` varchar(15) NOT NULL,
  `publish` tinyint(1) NOT NULL
) ENGINE=InnoDB DEFAULT CHARSET=latin1;

--
-- Dumping data untuk tabel `tutorial`
--

INSERT INTO `tutorial` (`id_tutorial`, `date`, `title`, `description`, `image`, `id_user`, `id_division`, `publish`) VALUES
('2OiVXt0117CqF6x', '2017-01-27 05:29:46', 'Codeigneter Tutorial', '<p>CodeIgniter is a powerful PHP framework with a very small footprint, built for developers who need a simple and elegant toolkit to create full-featured web applications. CodeIgniter was created by EllisLab, and is now a project of the British Columbia Institute of Technology.</p><p><br></p><p>Audience</p><p>This tutorial has been prepared for developers who would like to learn the art of developing websites using CodeIgniter. It provides a complete understanding of this framework.</p><p><br></p><p>Prerequisites</p><p>Before you start proceeding with this tutorial, we assume that you are already exposed to HTML, Core PHP, and Advance PHP. We have used CodeIgniter version 3.0.1 in all the examples.</p>', 'edf50e5cd84fd3fc6f6677135c916acc.png', 'rYHeXL2701thdDR', 'jfi39gu89gu20jv', 1),
('Md9NF70117pfNH0', '2017-01-27 03:59:29', 'Tutorial Codeigniter', '<p>Lorem ipsum dolor sit amet, consectetur adipisicing elit, sed do eiusmod\r\n tempor incididunt ut labore et dolore magna aliqua. Ut enim ad minim \r\nveniam, quis nostrud exercitation ullamco laboris nisi ut aliquip ex ea \r\ncommodo consequat. Duis aute irure dolor in reprehenderit in voluptate \r\nvelit esse cillum dolore eu fugiat nulla pariatur. Excepteur sint \r\noccaecat cupidatat non proident, sunt in culpa qui officia deserunt \r\nmollit anim id est laborumLorem ipsum dolor sit amet, consectetur adipisicing elit, sed do eiusmod\r\n tempor incididunt ut labore et dolore magna aliqua. Ut enim ad minim \r\nveniam, quis nostrud exercitation ullamco laboris nisi ut aliquip ex ea \r\ncommodo consequat. Duis aute irure dolor in reprehenderit in voluptate \r\nvelit esse cillum dolore eu fugiat nulla pariatur. Excepteur sint \r\noccaecat cupidatat non proident, sunt in culpa qui officia deserunt \r\nmollit anim id est laborumLorem ipsum dolor sit amet, consectetur adipisicing elit, sed do eiusmod\r\n tempor incididunt ut labore et dolore magna aliqua. Ut enim ad minim \r\nveniam, quis nostrud exercitation ullamco laboris nisi ut aliquip ex ea \r\ncommodo consequat. Duis aute irure dolor in reprehenderit in voluptate \r\nvelit esse cillum dolore eu fugiat nulla pariatur. Excepteur sint \r\noccaecat cupidatat non proident, sunt in culpa qui officia deserunt \r\nmollit anim id est laborumLorem ipsum dolor sit amet, consectetur adipisicing elit, sed do eiusmod\r\n tempor incididunt ut labore et dolore magna aliqua. Ut enim ad minim \r\nveniam, quis nostrud exercitation ullamco laboris nisi ut aliquip ex ea \r\ncommodo consequat. Duis aute irure dolor in reprehenderit in voluptate \r\nvelit esse cillum dolore eu fugiat nulla pariatur. Excepteur sint \r\noccaecat cupidatat non proident, sunt in culpa qui officia deserunt \r\nmollit anim id est laborumLorem ipsum dolor sit amet, consectetur adipisicing elit, sed do eiusmod\r\n tempor incididunt ut labore et dolore magna aliqua. Ut enim ad minim \r\nveniam, quis nostrud exercitation ullamco laboris nisi ut aliquip ex ea \r\ncommodo consequat. Duis aute irure dolor in reprehenderit in voluptate \r\nvelit esse cillum dolore eu fugiat nulla pariatur. Excepteur sint \r\noccaecat cupidatat non proident, sunt in culpa qui officia deserunt \r\nmollit anim id est laborumLorem ipsum dolor sit amet, consectetur adipisicing elit, sed do eiusmod\r\n tempor incididunt ut labore et dolore magna aliqua. Ut enim ad minim \r\nveniam, quis nostrud exercitation ullamco laboris nisi ut aliquip ex ea \r\ncommodo consequat. Duis aute irure dolor in reprehenderit in voluptate \r\nvelit esse cillum dolore eu fugiat nulla pariatur. Excepteur sint \r\noccaecat cupidatat non proident, sunt in culpa qui officia deserunt \r\nmollit anim id est laborum<br></p>', 'c794cb28b270e614335f8fabfee594ce.jpg', '1', 'jfi39gu89gu20jv', 1),
('p8y5JV0117IuMgo', '2017-01-27 05:27:09', 'PHP Concatenation', '<p style="font-family: Arial, Helvetica, sans-serif; font-size: 16px;">You can join together direct text, and whatever is in your variable. The full stop (period or dot, to some) is used for this. Suppose you want to print out the following "My variable contains the value of 10". In PHP, you can do it like this:</p><p class="TextIndent2" style="margin-left: 2em; font-family: Arial, Helvetica, sans-serif; font-size: 16px;">&lt;?php</p><p class="TextIndent3" style="margin-left: 4em; font-family: Arial, Helvetica, sans-serif; font-size: 16px;">$first_number = 10;<br>$direct_text = ''My variable contains the value of '';</p><p class="TextIndent3" style="margin-left: 4em; font-family: Arial, Helvetica, sans-serif; font-size: 16px;">print($direct_text . $first_number);</p><p class="TextIndent2" style="margin-left: 2em; font-family: Arial, Helvetica, sans-serif; font-size: 16px;">?&gt;</p><p style="font-family: Arial, Helvetica, sans-serif; font-size: 16px;">So now we have two variables. The new variable holds our direct text. When we''re printing the contents of both variables, a full stop is used to separate the two. Try out the above script, and see what happens. Now delete the dot and then try the code again. Any errors?</p><p style="font-family: Arial, Helvetica, sans-serif; font-size: 16px;">You can also do this sort of thing:</p><p class="TextIndent2" style="margin-left: 2em; font-family: Arial, Helvetica, sans-serif; font-size: 16px;">&lt;?php</p><p class="TextIndent3" style="margin-left: 4em; font-family: Arial, Helvetica, sans-serif; font-size: 16px;">$first_number = 10;</p><p class="TextIndent3" style="margin-left: 4em; font-family: Arial, Helvetica, sans-serif; font-size: 16px;">print (''My variable contains the value of '' . $first_number);</p><p class="TextIndent2" style="margin-left: 2em; font-family: Arial, Helvetica, sans-serif; font-size: 16px;">?&gt;</p><p style="font-family: Arial, Helvetica, sans-serif; font-size: 16px;">This time, the direct text is not inside a variable, but just included in the Print statement. Again a full stop is used to separate the direct text from the variable name. What you''ve just done is called concatenation. Try the new script and see what happens.</p>', 'f9138cb592e96253752b39fe4cbf0883.jpg', 'rYHeXL2701thdDR', 'jfi39gu89gu20jv', 1),
('YKEP070117nALSp', '2017-01-27 04:22:16', 'Cisco packet tracer (desain Jaringan)', '<p>Lorem ipsum dolor sit amet, consectetur adipisicing elit, sed do eiusmod\r\n tempor incididunt ut labore et dolore magna aliqua. Ut enim ad minim \r\nveniam, quis nostrud exercitation ullamco laboris nisi ut aliquip ex ea \r\ncommodo consequat. Duis aute irure dolor in reprehenderit in voluptate \r\nvelit esse cillum dolore eu fugiat nulla pariatur. Excepteur sint \r\noccaecat cupidatat non proident, sunt in culpa qui officia deserunt \r\nmollit anim id est laborum</p><p><br></p><p>Lorem ipsum dolor sit amet, consectetur adipisicing elit, sed do eiusmod\r\n tempor incididunt ut labore et dolore magna aliqua. Ut enim ad minim \r\nveniam, quis nostrud exercitation ullamco laboris nisi ut aliquip ex ea \r\ncommodo consequat. Duis aute irure dolor in reprehenderit in voluptate \r\nvelit esse cillum dolore eu fugiat nulla pariatur. Excepteur sint \r\noccaecat cupidatat non proident, sunt in culpa qui officia deserunt \r\nmollit anim id est laborum</p><p><br></p><p>Lorem ipsum dolor sit amet, consectetur adipisicing elit, sed do eiusmod\r\n tempor incididunt ut labore et dolore magna aliqua. Ut enim ad minim \r\nveniam, quis nostrud exercitation ullamco laboris nisi ut aliquip ex ea \r\ncommodo consequat. Duis aute irure dolor in reprehenderit in voluptate \r\nvelit esse cillum dolore eu fugiat nulla pariatur. Excepteur sint \r\noccaecat cupidatat non proident, sunt in culpa qui officia deserunt \r\nmollit anim id est laborum</p><p><br></p><p>Lorem ipsum dolor sit amet, consectetur adipisicing elit, sed do eiusmod\r\n tempor incididunt ut labore et dolore magna aliqua. Ut enim ad minim \r\nveniam, quis nostrud exercitation ullamco laboris nisi ut aliquip ex ea \r\ncommodo consequat. Duis aute irure dolor in reprehenderit in voluptate \r\nvelit esse cillum dolore eu fugiat nulla pariatur. Excepteur sint \r\noccaecat cupidatat non proident, sunt in culpa qui officia deserunt \r\nmollit anim id est laborum<br></p>', '680d550fc3591a4565c7fa1150e4ebb5.jpg', 'rYHeXL2701thdDR', 'ngieAogJu498qej', 1),
('Z6YbND01173PzCR', '2017-01-27 05:25:58', 'PHP Variable', '<p>A variable is just a storage area. You put things into your storage areas (variables) so that you can use and manipulate them in your programmes. Things you''ll want to store are numbers and text.</p><p><br></p><p>If you''re ok with the idea of variables, then you can move on. If not, think of them like this. Suppose you want to catalogue your clothing collection. You enlist two people to help you, a man and a woman. These two people are going to be your storage areas. They are going to hold things for you, while you tally up what you own. The man and the woman, then, are variables.</p><p><br></p><p>You count how many coats you have, and then give these to the man. You count how many shoes you have, and give these to the woman. Unfortunately, you have a bad memory. The question is, which one of your people (variables) holds the coats and which one holds the shoes? To help you remember, you can give your people names! You could call them something like this:</p><p><br></p><p style="text-align: center; "><b>mr_coats</b></p><p style="text-align: center; "><b>mrs_shoes</b></p><p><br></p><p>But it''s entirely up to you what names you give your people (variables). If you like, they could be called this:</p><p><br></p><p style="text-align: center; "><b>man_coats</b></p><p style="text-align: center; "><b>woman_shoes</b></p><p style="text-align: center; "><b><br></b></p><p style="text-align: center; "><b>Or</b></p><p style="text-align: center; "><b><br></b></p><p style="text-align: center; "><b>HimCoats</b></p><p style="text-align: center; "><b>HerShoes</b></p><p><br></p><p>But because your memory is bad, it''s best to give them names that help you remember what it is they are holding for you. (There are some things your people balk at being called. You can''t begin their names with an underscore (_), or a number. But most other characters are fine.)</p><p><br></p><p>OK, so your people (variables) now have name. But it''s no good just giving them a name. They are going to be doing some work for you, so you need to tell them what they will be doing. The man is going to be holding the coats. But we can specify how many coats he will be holding. If you have ten coats to give him, then you do the "telling" like this:</p><p><br></p><p><b>mr_coats = 10</b></p><p><br></p><p>So, the variable name comes first, then an equals sign. After the equals sign, you tell your variable what it will be doing. Holding the number 10, in our case. (The equals sign, by the way, is not really an equals sign. It''s called an assignment operator. But don''t worry about it, at this stage. Just remember that you need the equals sign to store things in your variables.)</p><p><br></p><p>However, you''re learning PHP, so there''s something missing. Two things, actually. First, your people (variables) need a dollar sign at the beginning (people are like that). So it would be this:</p><p><br></p><p style="text-align: center; "><b>$mr_coats = 10</b></p><p><br></p><p>If you miss the dollar sign out, then your people will refuse to work! But the other thing missing is something really picky and fussy - a semi-colon. Lines of code in PHP need a semi-colon at the end:</p><p><br></p><p style="text-align: center; "><b>$mr_coats = 10;</b></p><p><br></p><p>If you get any parse errors when you try to run your code, the first thing to check is if you''ve missed the semi-colon off the end. It''s very easy to do, and can be frustrating. The next thing to check is if you''ve missed out a dollar sign. But back to our people (variables).</p><p><br></p><p>So the man is holding ten coats. We can do the same thing with the other person (variable):</p><p><br></p><p style="text-align: center; "><b>$mrs_shoes = 25;</b></p><p><br></p><p>So, $mrs_shoes is holding a value of 25. If we then wanted to add up how many items of clothes we have so far, we could set up a new variable (Note the dollar sign at the begining of the new variable):</p><p><br></p><p style="text-align: center; "><b>$total_clothes</b></p><p><br></p><p>We can then add up the coats and the shoes. You add up in PHP like this:</p><p><br></p><p style="text-align: center; "><b>$total_clothes = $mr_coats + $mrs_shoes;</b></p><p><br></p><p>Remember, $mr_coats is holding a value of 10, and $mrs_shoes is holding a value of 25. If you use a plus sign, PHP thinks you want to add up. So it will work out the total for you. The answer will then get stored in our new variable, the one we''ve called $total_clothes. You can also add up like this:</p><p><br></p><p style="text-align: center; "><b>$total_clothes = 10 + 35;</b></p><p><br></p><p>Again, PHP will see the plus sign and add the two together for you. Of course, you can add up more than two items:</p><p><br></p><p style="text-align: center; "><b>$total_clothes = 10 + 35 + 7 + 38 + 1250;</b></p><p><br></p><p>But the idea is the same - PHP will see plus signs and then add things up. The answer is then stored in your variable name, the one to the left of the equals sign.</p><p><br></p><p>&nbsp;</p><p><br></p><p>In the next part, we''ll take a look at how to put text into variables.</p>', '7a0506481beb39823d875302c4aa614c.jpg', 'rYHeXL2701thdDR', 'jfi39gu89gu20jv', 1);

-- --------------------------------------------------------

--
-- Struktur dari tabel `user`
--

CREATE TABLE `user` (
  `id_user` varchar(15) NOT NULL,
  `name` varchar(100) NOT NULL,
  `gender` tinyint(1) NOT NULL,
  `birth` date NOT NULL,
  `address` varchar(100) NOT NULL,
  `phone` varchar(12) NOT NULL,
  `admin` tinyint(1) NOT NULL
) ENGINE=InnoDB DEFAULT CHARSET=latin1;

--
-- Dumping data untuk tabel `user`
--

INSERT INTO `user` (`id_user`, `name`, `gender`, `birth`, `address`, `phone`, `admin`) VALUES
('1', 'aka', 1, '2017-01-16', 'condong', '252523', 1),
('KGZjqi2001XjGoJ', 'graegr', 1, '2017-01-17', 'hrsh', '5435435', 0),
('rYHeXL2701thdDR', 'imam', 1, '2017-09-03', 'lumajang', '3456789', 1),
('SUfON62001LZ3Jr', 'nindra', 1, '2017-11-01', 'probolinggo', '08533127098', 0),
('swhvI82001ZlbK0', 'M. Nindra Zaka', 1, '2017-03-01', 'geagareg', '085331247098', 0),
('TVUCOe2001B5GWp', 'jaka', 1, '1900-12-22', 'gaeeaf', '08', 1),
('v0x7ei2001V7SlT', 'raka', 0, '2017-12-01', 'condong', '0853333333', 0);

--
-- Indexes for dumped tables
--

--
-- Indexes for table `article`
--
ALTER TABLE `article`
  ADD PRIMARY KEY (`id_article`);

--
-- Indexes for table `auth`
--
ALTER TABLE `auth`
  ADD PRIMARY KEY (`id_auth`);

--
-- Indexes for table `category`
--
ALTER TABLE `category`
  ADD PRIMARY KEY (`id_category`);

--
-- Indexes for table `division`
--
ALTER TABLE `division`
  ADD PRIMARY KEY (`id_division`);

--
-- Indexes for table `gallery`
--
ALTER TABLE `gallery`
  ADD PRIMARY KEY (`id_gallery`);

--
-- Indexes for table `message`
--
ALTER TABLE `message`
  ADD PRIMARY KEY (`id_message`);

--
-- Indexes for table `tag`
--
ALTER TABLE `tag`
  ADD PRIMARY KEY (`id_tag`);

--
-- Indexes for table `tutorial`
--
ALTER TABLE `tutorial`
  ADD PRIMARY KEY (`id_tutorial`);

--
-- Indexes for table `user`
--
ALTER TABLE `user`
  ADD PRIMARY KEY (`id_user`);

/*!40101 SET CHARACTER_SET_CLIENT=@OLD_CHARACTER_SET_CLIENT */;
/*!40101 SET CHARACTER_SET_RESULTS=@OLD_CHARACTER_SET_RESULTS */;
/*!40101 SET COLLATION_CONNECTION=@OLD_COLLATION_CONNECTION */;
